grade,seg_id,n_naive,n_indic,n_nepali_grammar,n_npltk
1,0,22,25,25,23
1,1,20,21,21,20
1,2,18,21,21,20
1,3,25,26,26,23
1,4,30,36,36,30
1,5,23,24,24,24
1,6,20,22,22,22
1,7,29,30,30,28
1,8,30,31,31,30
1,9,19,21,21,14
1,10,17,19,19,19
1,11,18,19,19,16
1,12,48,62,63,61
1,13,32,32,32,30
1,14,22,31,31,28
2,0,24,25,25,25
2,1,15,16,17,16
2,2,20,21,21,21
2,3,31,34,34,33
2,4,26,20,30,29
2,5,21,22,22,22
2,6,6,7,13,13
2,7,37,39,39,39
2,8,12,16,16,16
2,9,25,27,27,27
2,10,27,29,29,28
2,11,26,27,28,23
2,12,17,19,19,19
2,13,13,14,14,14
2,14,17,20,20,19
3,0,22,28,28,28
3,1,23,25,25,23
3,2,28,29,29,28
3,3,38,40,41,37
3,4,17,20,20,18
3,5,28,29,29,28
3,6,43,44,44,44
3,7,42,86,86,19
3,8,9,10,10,10
3,9,18,20,20,18
3,10,24,26,26,26
3,11,22,24,24,20
3,12,18,19,19,18
3,13,25,26,26,26
3,14,15,15,16,16
4,0,33,34,34,34
4,1,15,16,16,16
4,2,36,37,37,37
4,3,14,15,15,15
4,4,17,18,18,17
4,5,22,23,23,23
4,6,40,41,41,41
4,7,25,25,25,25
4,8,36,37,37,37
4,9,38,39,39,39
4,10,41,42,42,42
4,11,10,11,11,9
4,12,14,15,15,15
4,13,13,17,17,17
4,14,41,42,42,40
5,0,20,20,21,20
5,1,21,22,22,21
5,2,25,26,26,26
5,3,35,38,38,37
5,4,24,25,25,25
5,5,31,32,32,32
5,6,17,18,18,15
5,7,10,11,11,11
5,8,12,13,13,13
5,9,18,19,19,19
5,10,12,13,13,13
5,11,34,35,35,35
5,12,19,20,20,20
5,13,19,20,20,20
5,14,34,36,36,36
6,0,25,26,26,25
6,1,38,39,39,39
6,2,41,42,42,42
6,3,26,28,28,28
6,4,33,34,34,34
6,5,25,26,26,26
6,6,8,9,9,7
6,7,22,23,23,23
6,8,11,13,13,13
6,9,14,16,16,16
6,10,6,7,7,6
6,11,13,14,14,14
6,12,13,15,15,15
6,13,15,16,16,16
6,14,20,26,26,26
7,0,32,33,33,33
7,1,20,20,22,22
7,2,46,46,46,46
7,3,27,28,28,28
7,4,26,27,27,27
7,5,15,16,16,16
7,6,24,28,29,29
7,7,21,20,24,24
7,8,27,30,30,30
7,9,29,31,31,30
7,10,20,21,21,21
7,11,28,29,29,29
7,12,33,34,34,34
7,13,33,37,37,33
7,14,26,27,27,27
8,0,34,35,35,35
8,1,41,42,42,42
8,2,29,30,30,30
8,3,12,13,13,13
8,4,25,26,26,26
8,5,28,29,29,29
8,6,30,31,31,31
8,7,23,25,25,25
8,8,25,26,26,26
8,9,19,22,22,22
8,10,22,25,25,23
8,11,31,32,32,32
8,12,48,49,49,49
8,13,21,22,22,22
8,14,16,17,17,15
9,0,6,9,9,8
9,1,11,13,13,10
9,2,14,15,15,11
9,3,36,37,37,37
9,4,21,32,32,31
9,5,17,18,18,18
9,6,25,26,26,26
9,7,5,6,6,6
9,8,16,17,17,15
9,9,6,7,7,7
9,10,20,21,21,21
9,11,31,34,34,32
9,12,27,28,28,28
9,13,21,22,22,22
9,14,24,27,27,26
10,0,24,25,25,21
10,1,17,18,18,18
10,2,36,37,37,37
10,3,30,30,30,30
10,4,32,33,33,33
10,5,26,27,27,27
10,6,31,31,31,31
10,7,26,27,27,27
10,8,14,15,15,15
10,9,24,25,25,25
10,10,22,23,23,23
10,11,22,23,23,23
10,12,10,11,11,11
10,13,29,30,30,30
10,14,21,22,22,22
