grade,mean_naive,mean_akshara
1,3.2,3.4
1,1.333,1.5
1,2.333,2.667
1,1.0,1.5
1,1.0,1.333
1,0.5,1.714
1,3.333,3.667
1,3.5,4.0
1,2.125,2.375
1,2.571,3.143
1,2.143,2.429
1,2.0,3.0
1,3.714,4.0
1,2.444,3.0
1,0.333,22.667
1,1.333,1.97
1,1.5,2.0
1,2.25,2.5
1,1.286,6.429
1,3.4,3.6
1,2.846,3.077
1,1.836,2.288
1,2.0,2.25
1,3.0,3.25
1,2.75,3.0
1,1.103,2.207
1,2.333,2.667
1,2.0,2.5
1,1.0,7.091
1,2.0,2.5
1,1.833,2.167
1,1.75,2.5
1,1.75,2.0
1,2.25,2.417
1,2.5,2.75
1,1.1,1.7
1,1.333,2.0
1,1.372,2.116
1,2.0,2.167
1,4.0,5.0
1,1.0,19.667
1,2.375,2.5
1,3.0,3.5
1,1.833,2.667
1,0.0,2.0
1,1.667,2.0
1,2.0,2.5
1,3.0,3.231
1,0.667,1.333
1,2.5,2.75
1,2.469,2.906
1,1.5,11.333
1,2.0,2.5
1,2.8,3.0
1,1.154,2.077
1,4.0,5.0
1,1.857,2.286
1,2.0,3.0
1,2.333,2.667
1,3.0,3.143
1,1.875,2.438
1,2.125,2.25
1,3.0,4.0
1,3.0,4.0
1,2.0,2.125
1,3.0,4.0
1,2.75,3.125
1,4.0,5.0
1,2.5,2.833
1,2.25,2.75
1,2.5,3.0
1,2.286,2.429
1,2.75,3.25
1,1.286,1.857
1,1.6,2.2
1,2.333,2.667
1,4.0,5.0
1,0.4,2.6
1,0.571,1.286
1,1.879,2.727
1,2.2,2.4
1,2.0,2.667
1,1.6,2.6
1,1.833,2.458
1,3.333,3.667
1,1.4,1.6
1,2.0,3.0
1,2.8,2.9
1,2.5,2.75
1,1.091,2.273
1,2.32,2.6
1,1.414,2.172
1,2.0,2.6
1,1.545,2.273
1,2.333,2.667
1,2.875,3.125
1,2.0,2.3
1,3.125,3.75
1,0.25,1.75
1,2.75,3.125
1,2.333,3.333
1,1.5,2.0
1,2.167,2.667
1,3.0,3.333
1,2.0,2.333
1,2.75,3.25
1,2.667,2.833
1,2.75,3.125
1,1.75,2.5
1,2.364,2.909
1,1.857,2.571
1,1.833,2.5
1,2.875,3.25
1,1.4,2.0
1,1.375,1.875
1,2.5,2.75
1,1.645,2.274
1,0.562,3.219
1,1.667,2.0
1,1.0,2.0
1,3.0,3.5
1,1.194,2.139
1,3.222,3.333
1,1.333,1.667
1,2.045,2.591
1,1.071,2.143
1,1.25,1.75
1,1.833,7.167
1,1.9,2.1
1,2.75,3.0
1,1.875,2.25
1,1.071,1.714
1,2.0,3.0
1,3.0,4.0
1,2.273,2.636
1,2.571,3.0
1,1.889,2.333
1,5.5,6.5
1,2.2,2.4
1,2.25,2.5
1,0.708,2.354
1,1.6,2.0
1,3.0,4.0
1,1.0,1.667
1,2.25,2.5
1,4.0,5.0
1,1.692,2.231
1,0.0,1.875
1,1.0,1.5
1,1.571,2.857
1,2.0,3.8
1,2.5,2.875
1,2.429,2.857
1,1.8,2.2
1,1.0,1.5
1,1.458,2.417
1,2.222,2.333
1,1.5,1.833
1,3.0,3.5
1,3.0,3.5
1,2.5,3.0
1,3.333,3.667
1,3.333,3.417
1,2.5,2.875
1,2.0,2.4
1,2.909,3.091
1,3.0,4.0
1,1.333,2.0
1,3.556,3.667
1,1.6,2.0
1,2.4,2.8
1,1.125,1.75
1,0.5,1.0
1,1.6,2.4
1,1.6,2.2
1,2.0,2.25
1,1.667,2.0
1,2.4,2.8
1,1.778,1.889
1,1.75,2.25
1,2.364,2.727
1,1.5,2.25
1,2.0,2.429
1,1.0,1.75
1,0.857,1.762
1,2.25,2.75
1,2.0,2.2
1,3.333,3.5
1,3.0,3.5
1,3.143,3.429
1,0.857,5.286
1,2.25,3.0
1,2.0,2.5
1,3.0,3.5
1,2.333,2.833
1,2.333,2.667
1,1.444,2.444
1,0.626,1.797
1,1.571,2.429
1,2.333,2.667
1,2.2,2.4
1,1.667,2.0
1,1.875,2.438
1,2.25,2.75
1,1.667,2.0
1,1.951,2.415
1,2.286,2.714
1,1.545,2.364
1,1.75,2.0
1,1.333,2.333
1,1.5,2.5
1,0.889,1.667
1,2.286,2.429
1,1.6,2.0
1,2.5,3.0
1,2.0,2.25
1,1.256,2.231
1,2.667,3.167
1,1.333,1.833
1,1.625,2.5
1,2.4,2.6
1,1.6,2.2
1,1.1,2.65
1,2.333,2.556
1,3.0,3.333
1,1.5,2.0
1,3.429,3.5
1,3.615,3.692
1,1.0,1.5
1,2.0,2.5
1,2.667,3.0
1,3.0,3.111
1,1.6,1.8
1,2.333,2.5
1,3.286,3.429
1,3.0,3.25
1,2.0,3.0
1,4.0,4.333
1,1.333,1.944
1,0.656,2.0
1,0.0,1.0
1,1.318,2.074
1,2.545,2.909
1,1.75,2.0
1,0.0,1.5
1,1.667,2.0
1,2.333,2.5
1,1.7,2.6
1,1.333,2.667
1,2.5,3.0
1,1.639,2.336
1,2.167,2.667
1,1.889,2.222
1,2.0,2.5
1,1.5,2.5
1,2.0,2.25
1,1.8,2.0
1,1.562,2.25
1,3.0,3.5
1,5.0,6.0
1,1.667,2.0
1,2.0,2.4
1,1.0,2.0
1,2.6,3.0
1,6.0,7.0
1,2.25,2.75
1,1.429,2.214
1,2.4,3.6
1,2.5,4.0
1,1.667,2.333
1,1.571,2.0
1,1.75,2.0
1,2.0,3.0
1,1.25,2.125
1,2.0,2.5
1,1.188,2.062
1,2.167,2.667
1,3.5,4.5
1,1.429,1.857
1,2.0,3.0
1,2.25,3.0
1,5.0,6.0
1,1.0,2.0
1,1.7,2.5
1,2.0,2.167
1,2.1,2.6
1,2.545,2.727
1,1.2,1.4
1,1.75,2.25
1,6.0,6.333
1,3.0,3.75
1,3.5,4.333
1,3.0,4.0
1,2.047,2.558
1,2.571,3.0
1,0.8,1.4
1,2.5,3.0
1,1.0,1.5
1,2.333,2.667
1,2.667,3.0
2,2.2,2.6
2,2.167,2.333
2,2.625,3.0
2,2.0,2.125
2,2.4,2.9
2,2.6,2.8
2,4.0,4.0
2,2.333,2.5
2,5.0,5.0
2,4.0,4.5
2,3.5,3.5
2,1.875,2.625
2,1.5,2.833
2,2.571,3.0
2,2.231,2.462
2,1.9,2.633
2,1.873,2.635
2,2.556,3.333
2,2.333,2.333
2,3.0,3.333
2,2.222,2.333
2,2.25,3.0
2,2.0,2.25
2,2.0,2.444
2,2.667,4.667
2,5.0,5.0
2,1.25,2.0
2,0.0,1.545
2,3.143,3.286
2,2.0,2.5
2,1.8,2.0
2,2.6,2.6
2,2.111,2.556
2,2.333,2.333
2,1.667,2.0
2,2.5,2.75
2,2.25,2.5
2,2.25,2.25
2,4.0,4.0
2,2.0,2.25
2,2.043,2.63
2,2.0,3.5
2,2.667,2.667
2,1.565,2.174
2,1.0,1.5
2,3.0,3.5
2,0.957,2.087
2,1.9,2.517
2,2.167,2.333
2,1.559,2.763
2,1.833,2.083
2,0.0,1.125
2,2.125,2.5
2,0.0,1.167
2,1.909,2.273
2,2.0,3.0
2,3.125,3.5
2,1.0,1.0
2,1.5,2.0
2,2.0,2.0
2,2.8,3.0
2,3.286,3.571
2,2.286,2.714
2,1.5,3.0
2,2.0,2.5
2,1.61,2.439
2,2.0,2.2
2,2.0,2.0
2,2.5,2.75
2,4.0,4.0
2,2.0,2.333
2,1.825,2.375
2,2.0,2.667
2,1.758,2.545
2,1.375,2.125
2,2.6,3.4
2,5.5,6.0
2,2.091,2.727
2,1.833,2.0
2,2.6,2.8
2,2.0,2.375
2,3.2,3.6
2,2.333,2.5
2,2.5,2.5
2,2.097,2.613
2,1.764,2.792
2,2.4,2.6
2,1.5,1.5
2,0.857,1.857
2,1.25,1.75
2,5.0,5.0
2,2.889,3.333
2,2.25,2.5
2,0.0,1.417
2,0.5,1.0
2,2.0,2.333
2,2.0,2.0
2,2.333,2.833
2,2.5,3.167
2,3.0,3.143
2,0.333,2.333
2,1.833,2.5
2,0.147,1.529
2,1.133,2.496
2,2.2,2.4
2,0.0,1.167
2,1.833,2.5
2,1.0,2.0
2,2.0,2.0
2,2.0,3.5
2,1.75,2.75
2,2.333,2.667
2,1.75,2.0
2,0.667,2.667
2,1.368,2.276
2,2.8,3.0
2,2.5,2.5
2,1.333,2.0
2,1.25,3.75
2,3.0,3.0
2,2.286,2.714
2,2.0,2.2
2,1.8,3.0
2,9.0,9.5
2,1.714,2.357
2,1.875,2.5
2,2.6,3.4
2,1.25,2.125
2,2.333,2.444
2,1.083,2.083
2,2.533,2.933
2,2.25,2.375
2,2.333,2.333
2,4.0,4.0
2,2.4,3.0
2,0.5,1.0
2,3.0,3.5
2,1.571,2.714
2,1.875,2.375
2,2.0,2.2
2,0.917,1.667
2,1.625,3.125
2,2.333,2.5
2,2.0,2.125
2,1.0,1.667
2,1.667,2.167
2,2.286,2.857
2,0.0,1.0
2,2.5,2.667
2,1.308,2.5
2,2.0,2.667
2,2.333,2.333
2,1.909,2.273
2,1.5,2.0
2,2.2,2.4
2,1.333,1.667
2,1.167,2.5
2,1.714,2.0
2,2.286,3.0
2,1.692,2.769
2,4.0,4.0
2,1.667,2.0
2,4.0,4.0
2,2.0,2.833
2,2.0,2.429
2,2.25,2.625
2,2.333,3.167
2,1.583,1.75
2,3.0,3.0
2,1.25,1.75
2,1.0,3.0
2,1.0,1.0
2,2.571,3.0
2,1.69,2.552
2,2.2,2.8
2,1.091,1.727
2,1.0,2.0
2,1.25,9.0
2,1.333,2.333
2,3.5,3.5
2,2.667,2.667
2,1.667,1.833
2,1.0,1.571
2,2.333,2.333
2,1.25,2.0
2,2.0,2.5
2,1.286,2.143
2,2.286,3.0
2,2.0,2.6
2,1.857,2.229
2,2.25,2.75
2,2.0,2.5
2,3.333,3.333
2,2.5,3.167
2,1.667,1.833
2,2.333,2.667
2,2.5,2.75
2,2.444,2.778
2,2.778,3.111
2,2.333,2.667
2,2.4,2.5
2,3.0,3.0
2,2.143,3.857
2,1.625,2.0
2,1.5,1.75
2,2.0,2.0
2,2.125,3.0
2,1.167,2.167
2,2.0,2.5
2,1.0,1.667
2,2.143,2.571
2,2.4,2.6
2,2.4,3.0
2,1.25,2.5
2,1.5,2.0
2,2.667,3.0
2,1.75,2.25
2,1.5,2.125
2,2.333,2.5
2,2.417,2.917
2,0.875,2.125
2,2.0,2.667
2,2.6,2.8
2,2.8,3.0
2,3.333,3.333
2,2.125,2.375
2,2.444,3.222
2,2.143,2.5
2,2.5,2.75
2,2.333,2.667
2,1.286,1.714
2,2.75,3.125
2,1.429,1.714
2,3.143,3.286
2,1.857,2.429
2,2.833,3.0
2,1.5,2.0
2,0.333,1.667
2,1.5,3.5
2,2.333,2.833
2,2.2,2.8
2,1.286,2.143
2,1.9,3.5
2,2.889,3.111
2,0.667,25.333
2,2.474,2.842
2,3.667,3.667
2,2.25,2.625
2,2.0,3.0
2,1.714,5.0
2,2.0,2.333
2,2.0,2.0
2,1.333,1.667
2,0.4,2.8
2,2.371,2.8
2,2.143,2.714
2,1.15,2.2
2,0.655,3.0
2,2.556,2.778
2,0.857,1.571
2,2.5,2.875
2,1.429,1.857
2,1.429,2.429
2,2.0,2.571
2,2.182,2.636
2,2.071,2.786
2,2.333,2.333
2,1.75,3.0
2,4.0,5.0
2,1.333,2.333
2,0.0,2.0
2,1.0,4.0
2,2.333,3.333
2,1.0,2.0
2,2.4,2.6
2,2.154,2.615
2,2.0,2.833
2,1.714,1.857
2,0.5,1.0
2,0.5,4.0
2,3.0,3.0
2,1.627,2.407
2,2.333,2.333
2,4.0,4.0
2,1.333,1.833
2,2.667,2.667
2,1.75,2.0
2,0.737,2.487
2,1.286,1.857
2,2.2,2.6
2,0.667,1.333
2,2.0,2.375
2,3.0,3.333
2,1.25,1.75
2,2.875,3.25
2,1.8,2.4
2,2.0,2.0
2,0.667,1.0
2,1.25,1.25
2,2.5,3.0
3,1.5,2.0
3,2.486,2.914
3,2.0,2.0
3,1.25,2.25
3,2.25,3.0
3,2.4,2.6
3,1.6,1.8
3,2.2,3.2
3,2.111,2.556
3,1.364,1.818
3,2.167,2.583
3,2.0,2.5
3,3.333,3.333
3,1.333,1.667
3,1.286,1.714
3,1.6,1.8
3,3.0,3.0
3,2.0,2.5
3,1.703,2.432
3,3.0,3.0
3,2.0,2.0
3,3.5,5.5
3,2.464,2.643
3,2.0,3.0
3,2.0,3.0
3,3.0,3.167
3,3.0,3.0
3,0.0,1.0
3,1.75,2.0
3,4.0,4.0
3,2.25,2.625
3,2.667,3.0
3,2.143,3.143
3,1.0,1.5
3,2.75,3.5
3,1.0,1.625
3,2.833,3.167
3,2.6,2.6
3,2.778,2.889
3,2.314,2.81
3,1.0,1.25
3,2.6,2.6
3,1.833,2.333
3,4.0,4.0
3,3.0,3.0
3,2.333,2.667
3,1.969,2.156
3,4.0,4.0
3,0.8,14.8
3,8.2,8.6
3,1.667,1.667
3,2.0,2.5
3,2.375,2.5
3,2.857,2.857
3,3.0,3.0
3,1.667,2.0
3,2.049,2.366
3,2.5,2.833
3,2.0,2.0
3,0.0,1.0
3,1.625,2.875
3,2.2,2.8
3,3.0,3.143
3,1.5,1.75
3,2.0,2.375
3,1.625,2.25
3,2.2,2.4
3,3.0,3.167
3,2.2,2.8
3,2.917,3.917
3,1.25,1.5
3,2.125,2.75
3,1.2,2.2
3,1.037,1.926
3,2.556,3.0
3,2.667,2.833
3,2.75,3.0
3,0.333,1.333
3,2.25,2.5
3,3.0,4.0
3,0.667,1.333
3,3.0,3.2
3,1.875,2.0
3,1.667,1.833
3,2.8,2.8
3,3.0,3.833
3,1.4,1.6
3,2.222,2.333
3,1.75,2.088
3,0.75,1.25
3,3.0,3.0
3,1.429,2.143
3,2.812,3.0
3,3.0,3.0
3,0.333,2.667
3,2.6,2.8
3,2.0,2.25
3,2.333,2.333
3,2.455,2.727
3,2.333,2.333
3,2.5,2.625
3,4.0,4.0
3,3.0,3.333
3,1.714,2.0
3,1.211,1.895
3,2.0,2.333
3,1.6,1.8
3,1.0,2.375
3,2.167,2.333
3,2.4,3.0
3,0.0,97.0
3,2.0,2.5
3,2.571,3.0
3,0.038,2.692
3,1.571,2.286
3,1.0,2.0
3,2.273,2.545
3,3.25,3.25
3,2.4,2.6
3,0.0,1.0
3,1.404,2.423
3,2.4,2.4
3,2.0,2.333
3,0.143,1.0
3,2.5,3.25
3,0.0,3.0
3,2.347,2.747
3,2.5,2.667
3,2.357,2.786
3,1.5,2.0
3,2.0,2.0
3,2.8,3.2
3,0.481,1.417
3,2.056,2.583
3,1.661,2.932
3,3.4,3.6
3,2.8,3.1
3,3.0,3.0
3,3.5,3.5
3,2.0,2.25
3,2.75,2.75
3,1.333,2.333
3,0.875,1.875
3,1.857,3.0
3,1.714,1.857
3,1.071,2.071
3,1.667,2.0
3,3.0,3.2
3,2.5,2.625
3,2.0,2.0
3,4.0,4.0
3,1.281,2.368
3,0.5,2.75
3,1.692,2.462
3,0.3,3.5
3,1.5,2.25
3,3.167,3.167
3,3.0,3.0
3,1.333,2.667
3,3.0,3.25
3,2.5,2.5
3,0.333,1.833
3,0.5,1.4
3,1.571,1.857
3,1.167,1.833
3,1.8,2.0
3,2.75,2.75
3,1.333,2.333
3,2.4,2.6
3,1.6,5.6
3,1.75,2.0
3,1.714,2.714
3,2.667,2.667
3,3.5,3.5
3,2.045,2.773
3,2.333,2.333
3,2.2,2.4
3,1.5,2.5
3,2.5,2.833
3,2.2,2.6
3,3.0,3.0
3,1.714,2.143
3,2.167,2.333
3,2.6,2.8
3,2.0,3.0
3,2.333,3.333
3,1.0,2.0
3,2.5,2.5
3,2.0,2.286
3,1.47,2.197
3,2.333,2.667
3,1.3,2.3
3,2.667,2.667
3,2.095,2.762
3,1.6,2.2
3,1.667,2.0
3,3.5,3.5
3,2.182,2.364
3,2.0,3.308
3,2.111,2.333
3,2.143,2.286
3,2.8,3.8
3,2.5,2.875
3,2.0,2.778
3,1.875,2.75
3,0.5,2.0
3,1.6,1.8
3,2.0,2.4
3,1.5,1.75
3,1.75,1.75
3,1.846,2.462
3,2.75,3.0
3,1.5,2.0
3,2.4,3.2
3,0.0,1.667
3,2.0,2.5
3,2.0,2.25
3,2.2,2.4
3,0.0,6.5
3,2.833,2.833
3,1.435,2.783
3,2.3,2.6
3,2.2,2.8
3,2.0,2.875
3,1.133,2.333
3,0.0,8.0
3,0.5,1.0
3,2.111,2.444
3,3.2,3.2
3,3.0,3.833
3,2.0,2.333
3,2.333,2.833
3,2.333,3.667
3,2.667,2.667
3,1.833,2.0
3,2.0,2.375
3,2.143,2.286
3,2.125,2.5
3,2.667,2.667
3,1.5,2.083
3,2.0,2.714
3,3.25,3.375
3,2.2,2.2
3,2.4,2.6
3,2.786,2.964
3,1.0,2.333
3,1.667,2.667
3,2.333,2.333
3,1.85,2.35
3,1.833,2.333
3,3.042,3.333
3,2.1,2.5
3,1.4,3.4
3,1.2,2.0
3,2.0,2.375
3,2.167,2.333
3,2.667,2.833
3,1.75,1.75
3,0.5,1.0
3,3.75,3.75
3,2.2,2.7
3,1.857,2.0
3,2.0,3.0
3,3.0,3.0
3,2.271,2.771
3,2.029,2.314
3,2.75,2.75
3,0.75,1.625
3,1.333,1.667
3,1.714,2.286
3,4.0,4.0
3,1.8,2.2
3,2.0,2.875
3,2.0,2.4
3,1.0,4.833
3,1.472,2.389
3,2.4,2.6
3,2.0,2.5
3,1.2,2.2
3,2.0,3.5
3,2.833,3.5
3,2.25,2.5
3,2.286,3.143
3,2.2,2.4
3,5.0,5.0
3,2.0,3.0
3,1.818,2.152
3,2.0,2.0
3,1.333,1.667
3,4.0,4.0
3,2.4,2.6
3,0.667,2.667
3,2.25,2.5
3,3.0,4.0
3,3.0,3.0
3,2.333,2.667
3,2.8,3.0
3,1.0,2.0
3,0.13,1.913
3,2.083,2.25
4,3.125,3.25
4,1.706,2.471
4,3.143,3.571
4,2.556,2.889
4,2.667,3.167
4,0.8,2.0
4,1.375,4.0
4,2.667,2.889
4,1.4,1.6
4,2.778,3.111
4,2.667,3.333
4,0.333,1.333
4,2.6,3.0
4,2.0,2.0
4,1.286,1.571
4,1.596,2.681
4,2.25,2.25
4,2.6,3.2
4,2.333,3.0
4,2.111,2.222
4,2.0,2.0
4,1.25,1.75
4,3.2,3.2
4,1.875,2.375
4,2.714,3.143
4,1.833,2.333
4,2.0,2.25
4,2.333,2.333
4,1.6,1.8
4,2.667,2.667
4,2.794,3.206
4,1.889,2.222
4,2.125,4.75
4,2.6,3.2
4,2.25,3.125
4,0.583,2.25
4,2.333,2.333
4,3.167,3.333
4,2.833,2.833
4,2.45,2.65
4,3.0,3.5
4,0.75,1.875
4,2.5,2.833
4,1.0,2.5
4,0.667,3.0
4,1.2,1.6
4,2.488,2.585
4,0.875,2.375
4,2.333,2.5
4,2.857,3.0
4,3.0,3.333
4,2.125,2.5
4,3.75,3.75
4,3.0,3.143
4,2.0,2.6
4,2.4,3.0
4,1.917,2.333
4,2.083,2.5
4,1.429,3.286
4,2.014,2.6
4,2.333,3.0
4,4.4,5.2
4,2.538,2.769
4,1.75,2.25
4,0.778,3.0
4,1.6,1.8
4,2.5,5.375
4,1.778,2.0
4,4.667,5.0
4,2.667,3.111
4,1.0,3.0
4,1.667,2.0
4,1.765,2.235
4,2.667,2.667
4,2.286,2.714
4,2.222,2.778
4,2.0,2.125
4,2.143,2.571
4,3.857,4.857
4,2.8,3.4
4,2.125,2.25
4,2.8,2.8
4,2.0,2.2
4,3.833,3.833
4,2.5,2.5
4,2.625,2.75
4,1.75,2.0
4,2.333,2.778
4,2.9,3.1
4,2.0,2.273
4,2.636,3.182
4,2.333,2.833
4,3.625,3.625
4,3.0,4.0
4,1.75,2.0
4,2.333,2.333
4,1.0,1.833
4,2.308,3.077
4,2.286,2.571
4,3.25,3.75
4,2.375,2.75
4,2.0,2.0
4,2.0,2.5
4,3.143,3.286
4,3.0,3.2
4,3.0,3.333
4,1.667,5.667
4,1.889,2.0
4,1.25,1.75
4,5.0,5.0
4,2.0,3.0
4,1.5,1.667
4,2.25,2.5
4,2.5,2.8
4,2.0,2.625
4,2.8,3.0
4,0.0,1.0
4,3.0,3.2
4,2.8,2.8
4,3.0,3.6
4,2.0,2.167
4,2.857,3.0
4,2.56,2.68
4,2.0,2.5
4,3.0,3.0
4,2.2,3.6
4,2.583,2.833
4,5.0,5.0
4,2.25,2.5
4,3.0,4.0
4,2.333,2.5
4,2.136,2.682
4,2.135,2.788
4,3.455,3.455
4,1.923,2.154
4,1.8,2.0
4,2.5,2.75
4,1.5,2.0
4,2.667,2.833
4,3.5,3.5
4,2.6,3.2
4,15.0,15.0
4,1.0,1.5
4,1.8,2.6
4,1.429,2.524
4,2.5,3.125
4,3.5,3.5
4,2.0,2.2
4,2.5,2.75
4,1.5,2.0
4,2.2,2.8
4,2.625,2.875
4,2.462,3.0
4,1.5,3.0
4,4.333,4.333
4,3.25,3.75
4,2.704,3.074
4,3.0,3.375
4,2.818,3.273
4,4.0,4.75
4,2.043,2.609
4,2.0,2.333
4,2.571,2.857
4,2.25,4.5
4,2.833,2.917
4,2.5,3.25
4,1.5,1.5
4,3.2,3.2
4,2.0,2.25
4,3.0,3.125
4,2.125,2.375
4,4.2,4.4
4,1.692,2.385
4,2.75,2.75
4,2.182,2.682
4,2.375,2.438
4,2.5,4.75
4,0.0,2.0
4,2.75,2.875
4,2.6,3.0
4,2.667,2.889
4,2.833,2.833
4,1.0,2.0
4,2.5,2.583
4,1.833,6.333
4,1.5,3.0
4,3.0,3.125
4,1.909,2.455
4,4.0,4.0
4,1.75,2.0
4,2.364,2.636
4,2.778,3.0
4,3.0,3.5
4,2.4,2.8
4,0.333,3.0
4,2.333,2.667
4,2.6,3.0
4,2.25,2.5
4,2.0,2.125
4,2.35,2.75
4,2.417,3.083
4,2.5,2.5
4,2.4,2.5
4,2.625,2.625
4,2.636,3.273
4,2.111,2.611
4,1.0,2.0
4,2.308,2.692
4,1.667,2.667
4,2.75,2.75
4,3.0,3.091
4,2.364,2.818
4,2.444,2.667
4,2.0,2.333
4,1.667,2.167
4,3.375,3.5
4,2.625,3.0
4,2.308,2.769
4,2.889,3.333
4,1.0,5.5
4,1.227,3.182
4,2.9,3.0
4,3.0,3.0
4,1.667,2.0
4,3.0,3.0
4,0.02,2.275
4,2.333,2.889
4,1.75,2.75
4,2.465,2.767
4,2.0,3.375
4,3.364,3.364
4,2.1,2.6
4,2.571,3.286
4,2.583,2.833
4,3.25,3.25
4,0.5,1.5
4,2.556,2.778
4,2.545,2.545
4,2.3,3.0
4,2.667,2.667
4,2.0,2.333
4,2.545,2.727
4,3.444,3.444
4,3.2,3.4
4,2.375,2.375
4,3.5,3.5
4,3.0,3.067
4,1.333,2.0
4,2.25,2.5
4,1.857,2.0
4,2.381,2.571
4,3.364,3.909
4,2.25,2.375
4,2.615,2.846
4,1.0,1.5
4,2.308,2.769
4,1.8,2.4
4,4.0,4.0
4,2.875,3.0
4,2.444,2.556
4,2.667,2.833
4,2.5,2.8
4,3.25,3.5
4,2.231,2.308
4,2.333,2.444
4,2.25,2.5
4,2.083,2.167
4,3.167,3.667
4,2.25,2.625
4,2.8,3.4
4,2.857,3.071
4,2.571,2.857
4,2.286,2.714
4,2.75,2.875
4,2.333,3.167
4,2.714,3.0
4,2.045,2.682
4,1.95,2.4
4,1.833,2.333
4,4.333,4.333
4,2.0,3.111
4,0.5,2.0
4,1.875,2.375
4,2.778,3.111
4,3.0,3.0
4,3.8,3.8
4,3.5,3.5
4,2.25,3.25
4,2.429,2.857
4,2.444,2.778
4,1.833,2.0
4,2.231,2.731
4,2.0,2.2
4,2.333,2.936
4,2.25,4.25
4,2.143,2.857
4,2.727,3.0
4,1.75,2.0
4,3.0,3.167
4,2.077,2.462
5,2.0,2.25
5,2.545,2.909
5,2.421,2.684
5,2.6,2.6
5,1.429,1.714
5,2.667,3.111
5,2.556,2.889
5,2.75,3.125
5,2.667,2.833
5,0.5,1.0
5,1.917,2.833
5,2.154,2.462
5,3.1,3.4
5,2.875,2.875
5,1.875,2.5
5,2.0,2.667
5,5.0,5.0
5,2.833,3.0
5,2.333,2.333
5,2.111,2.444
5,2.667,2.833
5,3.5,3.625
5,1.807,2.542
5,3.375,4.75
5,4.143,4.143
5,2.3,3.1
5,3.0,3.0
5,3.429,3.571
5,2.286,2.714
5,2.375,3.25
5,0.4,2.0
5,2.857,3.286
5,2.125,2.375
5,2.5,2.667
5,2.2,2.5
5,1.9,3.2
5,1.8,2.1
5,1.4,2.8
5,3.0,3.143
5,3.0,3.25
5,3.0,3.5
5,3.5,3.5
5,3.0,4.0
5,2.6,2.6
5,2.083,2.25
5,2.364,2.636
5,1.5,1.5
5,2.0,2.2
5,2.0,3.0
5,2.889,3.0
5,2.0,2.125
5,1.667,2.0
5,1.5,1.75
5,2.667,3.0
5,2.182,2.818
5,2.8,3.4
5,0.5,2.5
5,1.667,2.0
5,2.333,3.0
5,1.75,3.5
5,2.333,3.333
5,2.0,2.1
5,2.8,2.9
5,2.667,2.778
5,4.333,4.333
5,4.0,4.0
5,3.0,3.0
5,3.5,4.0
5,2.0,2.143
5,3.25,3.25
5,2.417,2.833
5,2.0,2.0
5,0.5,3.0
5,1.857,2.429
5,3.273,3.273
5,1.831,2.492
5,3.5,3.5
5,6.0,6.0
5,2.7,3.0
5,2.0,2.333
5,3.0,3.2
5,1.167,4.25
5,2.5,2.5
5,2.727,2.727
5,1.333,2.0
5,2.333,2.5
5,1.0,1.0
5,2.0,2.167
5,2.2,3.5
5,2.0,2.5
5,2.6,3.6
5,3.0,3.0
5,2.0,3.0
5,2.5,2.667
5,3.0,3.0
5,1.6,1.8
5,3.0,3.286
5,2.571,3.0
5,0.8,4.4
5,3.0,3.167
5,2.0,2.0
5,2.273,2.545
5,1.714,1.857
5,3.25,3.5
5,2.5,3.0
5,1.4,4.6
5,1.0,1.0
5,2.667,2.889
5,2.833,3.5
5,1.8,2.2
5,2.5,2.5
5,2.667,3.0
5,2.0,2.4
5,0.0,1.0
5,2.364,2.455
5,2.875,3.0
5,2.7,3.2
5,2.0,2.692
5,2.333,2.333
5,3.444,3.889
5,2.385,2.538
5,0.5,1.0
5,2.667,2.75
5,2.5,3.25
5,2.133,2.2
5,2.6,3.2
5,2.6,3.4
5,2.4,3.0
5,3.0,3.0
5,3.333,3.333
5,1.5,2.25
5,1.507,3.368
5,1.75,2.625
5,2.2,2.4
5,2.0,2.0
5,1.375,2.125
5,1.75,2.0
5,3.5,3.5
5,2.714,3.143
5,1.25,2.0
5,1.667,3.0
5,2.667,2.833
5,3.1,3.4
5,1.667,2.0
5,2.077,2.692
5,2.0,3.0
5,0.75,2.25
5,1.857,2.0
5,2.125,2.625
5,1.917,2.167
5,2.444,2.889
5,4.667,4.667
5,3.0,3.167
5,3.0,4.0
5,2.2,2.7
5,3.5,3.5
5,2.667,3.444
5,2.25,2.75
5,1.5,1.75
5,1.714,2.286
5,3.0,3.375
5,0.444,2.556
5,2.5,2.643
5,2.0,2.0
5,3.0,3.714
5,2.375,2.5
5,3.125,3.5
5,2.091,2.182
5,2.5,2.5
5,2.0,2.0
5,3.286,3.286
5,2.625,2.75
5,2.0,5.5
5,2.286,2.429
5,1.6,1.8
5,3.0,3.167
5,3.0,4.0
5,2.143,3.143
5,3.2,3.2
5,1.5,1.75
5,3.8,3.8
5,1.5,1.75
5,1.333,1.833
5,1.417,3.917
5,1.375,4.125
5,2.0,2.333
5,2.0,2.0
5,2.5,2.625
5,2.333,2.444
5,1.333,1.667
5,3.0,3.0
5,1.667,3.222
5,2.0,7.0
5,2.455,2.727
5,3.25,4.625
5,1.581,2.258
5,2.3,2.7
5,1.526,2.368
5,3.364,3.909
5,2.167,2.333
5,3.222,3.333
5,2.8,3.6
5,2.667,2.833
5,2.833,3.333
5,3.111,3.333
5,4.25,4.25
5,2.6,2.8
5,1.333,5.444
5,2.526,3.0
5,1.0,1.333
5,2.444,2.667
5,1.906,2.491
5,1.625,2.375
5,4.5,4.5
5,2.667,3.5
5,2.667,2.833
5,3.167,3.167
5,3.583,3.583
5,2.0,2.0
5,2.833,3.167
5,3.125,3.25
5,2.5,2.643
5,3.222,3.333
5,2.25,2.5
5,3.0,4.333
5,1.286,2.571
5,2.125,2.25
5,1.8,2.0
5,2.643,3.071
5,2.25,2.375
5,2.0,2.333
5,1.25,1.75
5,2.0,2.667
5,3.0,3.0
5,2.0,2.6
5,2.0,2.5
5,0.5,4.5
5,2.333,2.667
5,1.5,2.25
5,1.385,1.769
5,2.0,2.222
5,2.25,3.25
5,2.583,2.667
5,1.667,2.0
5,1.556,2.667
5,3.1,3.1
5,2.111,2.556
5,2.167,2.417
5,3.0,3.0
5,3.0,3.125
5,2.25,2.5
5,2.6,2.8
5,2.333,2.444
5,3.455,3.545
5,2.083,2.333
5,3.5,3.5
5,3.2,3.2
5,2.0,2.25
5,2.5,2.5
5,3.5,3.5
5,1.333,2.242
5,1.75,3.25
5,1.875,2.125
5,2.111,2.333
5,2.692,2.769
5,1.5,1.667
5,1.5,8.0
5,2.0,2.0
5,2.417,2.5
5,3.75,4.0
5,2.778,3.111
5,2.25,2.5
5,1.25,8.25
5,2.5,2.5
5,2.571,2.714
5,1.75,2.0
5,3.333,3.556
5,1.667,2.0
5,2.667,3.167
5,3.375,3.875
5,2.0,2.333
5,3.3,3.3
5,3.2,3.2
5,2.286,2.571
5,3.0,3.5
5,2.6,3.0
5,2.0,3.0
5,1.25,1.75
5,4.0,4.0
5,1.667,2.111
5,2.688,2.875
5,1.8,2.0
5,1.778,2.481
5,2.167,2.167
5,2.667,2.889
5,1.6,1.8
5,3.0,3.0
5,2.667,2.833
5,2.545,3.182
5,2.5,2.643
6,1.0,2.4
6,2.417,2.5
6,2.163,2.538
6,2.607,3.143
6,2.647,3.0
6,2.089,2.867
6,3.0,3.0
6,3.0,3.0
6,1.75,2.0
6,3.133,3.2
6,2.4,3.0
6,2.5,2.75
6,2.889,3.444
6,3.5,5.0
6,1.333,2.333
6,1.944,2.444
6,2.833,3.0
6,1.75,2.179
6,3.0,3.0
6,4.0,4.0
6,2.067,2.4
6,2.5,2.875
6,2.0,2.333
6,1.0,1.5
6,2.9,3.0
6,2.111,2.889
6,1.476,2.667
6,2.929,3.0
6,1.8,2.0
6,1.769,2.538
6,1.333,1.667
6,4.0,4.0
6,2.167,2.25
6,0.333,2.0
6,2.8,3.0
6,2.333,3.333
6,2.727,3.091
6,2.6,3.1
6,2.778,3.556
6,2.833,3.333
6,2.667,3.667
6,1.75,2.0
6,2.2,2.5
6,2.667,2.667
6,2.286,2.429
6,2.19,2.524
6,1.0,1.5
6,2.75,3.5
6,3.0,3.333
6,1.8,2.4
6,2.182,2.636
6,3.25,3.25
6,2.0,3.077
6,2.0,2.143
6,2.0,2.111
6,2.636,3.273
6,2.5,2.875
6,3.273,3.727
6,2.909,3.0
6,2.8,2.8
6,1.8,2.686
6,2.0,2.923
6,3.0,3.5
6,3.0,3.091
6,2.176,2.706
6,0.0,2.1
6,2.25,2.5
6,2.2,2.4
6,2.917,3.0
6,2.0,3.0
6,1.0,2.0
6,2.182,2.758
6,3.0,3.0
6,3.667,4.167
6,2.556,2.778
6,2.75,2.875
6,2.636,2.727
6,2.3,3.2
6,2.8,2.8
6,2.727,2.818
6,2.125,2.25
6,2.333,3.167
6,1.833,2.0
6,2.75,2.875
6,0.5,3.5
6,2.714,2.857
6,1.429,4.429
6,3.5,3.75
6,1.846,2.385
6,2.375,2.875
6,1.833,2.0
6,4.0,4.0
6,2.429,2.429
6,2.0,2.6
6,2.6,2.7
6,1.75,2.0
6,12.0,13.0
6,3.333,3.333
6,2.0,2.429
6,2.667,3.667
6,2.875,3.25
6,2.455,3.091
6,2.353,2.882
6,1.889,2.0
6,2.153,2.806
6,3.0,3.0
6,2.571,3.0
6,3.778,4.111
6,3.364,3.364
6,4.0,4.125
6,3.0,3.062
6,2.0,2.333
6,2.143,2.286
6,2.667,2.667
6,3.0,3.571
6,0.167,6.5
6,1.5,1.75
6,2.833,3.083
6,3.0,3.333
6,3.5,3.5
6,2.486,2.886
6,2.545,5.182
6,1.75,2.0
6,3.167,3.5
6,1.833,2.333
6,1.667,3.083
6,3.091,3.273
6,2.111,2.333
6,2.5,2.6
6,3.167,3.333
6,0.913,2.522
6,3.0,3.0
6,1.8,2.0
6,2.0,2.222
6,2.25,2.375
6,2.4,2.6
6,3.0,3.375
6,6.0,6.0
6,1.333,1.667
6,2.833,2.833
6,0.25,2.5
6,2.5,2.667
6,3.167,3.333
6,2.0,2.333
6,2.0,3.0
6,2.0,2.286
6,2.375,2.75
6,2.7,2.8
6,2.778,3.778
6,0.818,3.273
6,3.8,4.2
6,2.462,2.538
6,2.333,3.333
6,2.0,2.0
6,3.667,4.333
6,2.545,2.727
6,2.429,2.857
6,2.583,3.0
6,1.875,2.5
6,2.6,2.8
6,2.974,3.308
6,3.167,3.167
6,3.25,3.25
6,2.6,2.7
6,0.0,2.25
6,2.545,3.236
6,2.2,2.4
6,2.0,2.0
6,2.444,3.111
6,0.75,2.5
6,2.5,2.5
6,1.75,3.0
6,2.469,2.99
6,2.833,3.0
6,2.875,3.125
6,2.25,2.375
6,3.667,4.0
6,2.6,3.2
6,3.125,3.875
6,2.25,2.375
6,1.0,3.0
6,2.667,2.889
6,2.714,2.857
6,2.182,2.545
6,3.0,3.0
6,2.2,2.5
6,3.182,3.273
6,2.875,2.875
6,1.0,4.182
6,3.333,3.333
6,3.0,3.0
6,2.727,2.818
6,2.0,2.333
6,3.25,5.875
6,2.857,3.286
6,2.571,2.571
6,2.25,2.375
6,2.857,3.0
6,2.667,3.0
6,2.0,2.5
6,2.0,2.25
6,2.214,4.357
6,0.0,1.667
6,1.4,1.8
6,3.25,3.25
6,2.833,2.833
6,2.5,2.5
6,2.875,3.0
6,3.143,3.143
6,3.3,3.5
6,1.25,2.0
6,3.286,3.429
6,3.0,3.0
6,3.889,3.889
6,3.25,4.0
6,2.714,2.857
6,4.0,4.0
6,2.25,2.625
6,1.0,1.667
6,2.5,2.5
6,3.0,3.5
6,0.0,1.0
6,2.333,2.333
6,1.5,2.0
6,3.111,3.556
6,3.5,3.5
6,2.571,2.714
6,3.5,3.5
6,1.5,2.25
6,2.0,2.375
6,2.692,2.769
6,2.543,2.957
6,2.2,2.6
6,2.333,2.417
6,0.66,2.226
6,3.0,3.5
6,3.5,3.5
6,2.2,3.2
6,2.8,3.0
6,2.545,2.818
6,2.0,3.75
6,4.0,4.0
6,2.857,3.048
6,2.667,3.333
6,4.0,4.0
6,2.0,2.125
6,1.75,2.0
6,2.483,3.414
6,1.833,2.0
6,3.1,3.2
6,0.75,3.75
6,1.0,3.857
6,0.0,1.333
6,2.231,2.385
6,2.111,2.778
6,2.7,2.8
6,1.8,2.5
6,1.75,2.0
6,2.333,2.333
6,2.5,2.5
6,1.909,2.182
6,1.0,3.0
6,3.0,3.0
6,1.5,2.0
6,2.75,3.375
6,3.3,3.9
6,2.333,2.667
6,2.8,3.4
6,3.4,3.4
6,1.333,3.167
6,3.143,3.286
6,1.5,2.0
6,1.333,2.111
6,2.571,2.714
6,3.167,3.5
6,1.857,2.286
6,3.857,3.857
6,3.0,3.067
6,1.444,2.333
6,8.0,8.0
6,0.5,2.5
6,2.375,2.75
6,2.2,2.8
6,3.667,3.667
6,4.0,4.0
6,1.333,2.417
6,2.143,2.429
6,1.0,2.5
6,3.273,3.364
6,1.0,1.5
6,2.571,2.571
6,2.9,3.4
6,2.0,3.0
6,2.571,2.714
6,3.167,3.417
6,2.2,2.8
6,3.667,3.667
6,1.062,2.5
6,2.875,3.0
6,3.0,3.143
7,3.1,3.4
7,2.6,2.8
7,2.429,3.071
7,1.4,1.6
7,2.333,2.444
7,3.111,3.556
7,3.0,3.6
7,1.688,2.281
7,2.667,2.667
7,2.583,2.917
7,1.333,4.0
7,3.25,3.625
7,2.0,2.2
7,0.429,3.0
7,1.444,1.889
7,1.75,5.0
7,2.0,2.0
7,3.125,3.25
7,2.75,3.25
7,1.923,2.308
7,0.0,1.667
7,2.143,2.571
7,2.211,2.763
7,1.0,3.045
7,1.889,2.778
7,2.4,2.7
7,2.286,3.0
7,1.8,2.0
7,3.2,3.6
7,2.667,3.167
7,3.333,3.667
7,2.4,2.7
7,2.4,2.6
7,2.333,3.333
7,2.846,2.846
7,2.308,2.769
7,2.818,3.364
7,1.222,3.444
7,1.0,2.333
7,2.0,3.0
7,3.25,3.25
7,3.25,3.75
7,2.867,3.067
7,2.25,2.625
7,3.667,3.667
7,1.538,3.462
7,2.111,2.222
7,2.333,2.833
7,2.542,2.667
7,1.054,3.486
7,2.833,3.0
7,2.625,3.0
7,1.75,2.25
7,1.25,1.75
7,2.8,2.8
7,3.167,3.833
7,3.0,3.0
7,2.714,2.857
7,4.0,4.0
7,3.2,3.4
7,1.909,2.182
7,2.2,2.5
7,2.6,2.6
7,2.741,3.037
7,3.4,3.4
7,1.25,2.25
7,2.571,2.857
7,1.1,1.5
7,1.8,2.0
7,1.889,2.667
7,4.125,4.25
7,3.625,3.75
7,2.769,3.0
7,2.286,2.429
7,1.75,2.75
7,1.909,2.727
7,0.833,2.833
7,2.048,2.905
7,3.1,3.2
7,3.5,3.6
7,3.111,3.333
7,3.333,3.333
7,2.75,3.0
7,1.4,2.4
7,2.625,3.0
7,3.667,3.667
7,1.0,1.6
7,1.211,2.579
7,3.1,3.5
7,2.312,2.688
7,2.571,3.714
7,2.8,3.0
7,3.0,3.0
7,3.571,3.571
7,1.083,2.0
7,1.75,2.0
7,2.0,2.333
7,2.714,3.071
7,3.0,3.0
7,0.833,6.167
7,0.75,2.5
7,2.071,2.857
7,2.656,3.344
7,2.133,2.533
7,2.182,2.545
7,2.5,2.8
7,2.5,2.5
7,2.25,2.5
7,3.167,3.167
7,5.5,5.5
7,1.375,2.25
7,3.2,3.2
7,1.667,2.0
7,3.333,3.333
7,2.261,2.761
7,2.625,3.0
7,1.5,2.25
7,0.25,2.875
7,2.0,2.0
7,1.0,2.333
7,2.667,2.889
7,2.2,2.8
7,3.143,3.429
7,2.571,3.286
7,1.75,2.0
7,3.286,3.286
7,2.05,2.65
7,2.333,3.0
7,1.955,2.433
7,2.286,2.771
7,2.182,2.455
7,2.444,3.111
7,2.333,2.5
7,2.0,2.5
7,4.667,5.0
7,3.0,3.0
7,2.8,3.0
7,2.167,2.667
7,3.0,3.667
7,2.5,2.5
7,2.0,3.0
7,1.2,4.6
7,3.75,3.75
7,2.727,2.909
7,1.875,3.5
7,3.667,3.667
7,3.111,3.667
7,3.0,3.333
7,2.8,2.8
7,2.308,2.538
7,2.1,2.4
7,2.444,3.111
7,2.286,3.0
7,2.556,3.111
7,1.667,2.0
7,3.0,3.143
7,2.6,3.0
7,0.0,9.0
7,2.333,2.667
7,2.714,3.143
7,2.167,2.333
7,3.167,3.167
7,2.778,3.111
7,2.385,2.462
7,3.556,3.667
7,2.625,3.125
7,2.0,2.929
7,1.667,1.667
7,2.286,2.429
7,1.0,2.8
7,1.75,4.75
7,2.286,2.714
7,1.0,1.333
7,2.333,4.167
7,1.0,1.5
7,0.929,2.857
7,2.107,2.5
7,1.714,3.071
7,5.0,6.0
7,2.286,2.714
7,2.375,2.75
7,1.9,4.1
7,2.667,2.667
7,3.2,3.6
7,3.333,3.444
7,3.0,3.0
7,2.75,2.75
7,2.333,2.667
7,2.5,2.667
7,1.9,2.6
7,3.286,3.571
7,0.9,2.967
7,3.143,3.571
7,1.889,2.667
7,2.596,2.787
7,2.759,3.069
7,1.333,1.667
7,2.375,2.5
7,2.6,2.9
7,3.3,3.3
7,2.538,2.538
7,3.0,4.25
7,1.75,2.0
7,3.5,3.5
7,0.333,1.889
7,1.5,4.5
7,2.0,2.0
7,2.9,3.4
7,2.375,2.5
7,2.125,2.25
7,3.75,3.75
7,4.0,4.0
7,1.75,2.0
7,1.5,2.0
7,2.273,2.455
7,1.643,2.643
7,2.286,3.429
7,3.167,3.167
7,2.056,2.667
7,2.375,2.375
7,0.929,1.714
7,3.231,3.308
7,2.833,3.0
7,3.364,3.364
7,1.85,3.7
7,3.75,3.75
7,2.0,2.375
7,3.4,4.0
7,1.667,2.0
7,2.714,3.0
7,1.667,2.667
7,2.5,2.625
7,2.382,2.735
7,2.667,2.833
7,3.0,3.333
7,1.2,3.6
7,1.226,2.677
7,3.667,3.667
7,2.5,2.875
7,2.25,2.25
7,2.9,3.2
7,2.3,2.6
7,2.5,3.125
7,1.875,3.125
7,3.25,3.25
7,1.857,2.714
7,0.0,2.0
7,2.2,2.4
7,2.25,2.625
7,2.647,3.176
7,2.778,2.889
7,2.2,2.3
7,3.2,3.6
7,3.333,3.667
7,1.231,2.923
7,2.111,2.444
7,2.429,2.571
7,4.0,4.5
7,1.0,2.6
7,2.6,2.8
7,3.0,3.083
7,2.286,2.429
7,2.0,2.25
7,2.64,2.88
7,0.0,1.0
7,3.6,3.6
7,2.25,2.5
7,2.889,3.222
7,0.0,4.0
7,2.571,2.714
7,2.5,2.5
7,1.511,2.933
7,2.5,3.0
7,2.5,2.833
7,2.154,2.615
7,3.75,4.0
7,2.5,2.75
7,2.744,3.256
7,1.5,2.333
7,3.0,3.3
7,2.0,2.0
7,0.429,2.429
7,3.111,3.222
7,2.375,2.75
7,2.429,2.571
7,3.0,3.0
7,3.667,3.778
7,3.6,3.6
7,2.714,2.857
7,1.333,2.333
7,1.0,2.0
7,2.667,3.0
7,2.5,3.25
7,2.667,3.128
7,2.1,2.4
7,1.8,3.4
7,3.143,3.571
7,2.25,2.75
7,2.714,3.143
7,2.705,3.951
8,2.867,3.2
8,2.75,2.75
8,1.667,2.0
8,2.75,3.25
8,2.5,2.833
8,2.867,3.267
8,2.333,2.333
8,2.5,2.5
8,2.4,2.5
8,3.25,3.25
8,2.575,2.825
8,3.333,3.333
8,2.111,2.333
8,3.333,3.333
8,2.667,3.0
8,3.071,3.357
8,3.364,3.545
8,2.429,2.5
8,2.5,3.75
8,2.75,2.75
8,2.645,3.419
8,2.7,3.0
8,2.143,2.619
8,2.077,2.923
8,3.5,3.5
8,3.136,3.727
8,2.75,3.438
8,0.8,3.018
8,2.4,3.0
8,2.21,2.823
8,3.0,3.0
8,1.375,1.875
8,2.9,3.3
8,3.333,3.556
8,1.857,2.571
8,2.111,2.222
8,1.0,2.0
8,2.727,3.0
8,4.0,4.0
8,2.0,3.0
8,2.667,3.667
8,0.4,2.0
8,3.0,3.0
8,3.273,3.273
8,2.333,2.778
8,2.818,3.273
8,3.273,3.273
8,2.143,2.571
8,3.333,3.333
8,3.0,3.222
8,1.833,2.0
8,4.0,4.0
8,3.5,3.5
8,1.75,2.0
8,3.25,3.25
8,1.667,2.25
8,1.333,1.333
8,1.0,2.0
8,4.0,4.1
8,1.842,2.421
8,1.0,1.5
8,4.5,4.5
8,3.0,3.0
8,2.769,2.923
8,2.167,2.333
8,1.833,2.167
8,2.429,2.571
8,0.25,1.5
8,0.333,3.667
8,2.0,2.4
8,2.615,2.615
8,3.0,3.143
8,2.5,3.1
8,2.267,2.267
8,2.6,3.2
8,1.5,2.25
8,2.444,2.556
8,2.5,3.0
8,2.053,2.316
8,1.333,1.667
8,2.857,3.429
8,2.5,2.625
8,1.0,4.0
8,1.183,2.4
8,0.333,5.667
8,1.8,2.4
8,2.0,2.333
8,2.667,2.778
8,1.667,2.0
8,1.667,2.0
8,2.8,2.9
8,1.389,1.722
8,0.5,5.5
8,1.846,3.923
8,1.5,7.5
8,2.0,2.364
8,2.778,2.889
8,2.2,2.4
8,2.167,2.333
8,3.143,3.714
8,2.167,2.333
8,2.9,3.0
8,1.846,2.462
8,3.5,3.6
8,3.444,3.778
8,2.9,3.1
8,2.7,2.8
8,2.4,2.6
8,3.273,3.364
8,3.1,3.2
8,3.0,3.6
8,2.0,2.667
8,1.5,4.25
8,3.222,3.222
8,2.875,3.0
8,1.833,2.333
8,2.111,2.667
8,1.0,1.5
8,2.25,2.25
8,1.0,2.0
8,2.556,2.667
8,2.125,2.5
8,1.6,2.867
8,2.5,3.5
8,3.8,4.0
8,2.667,3.333
8,3.444,3.444
8,2.364,3.227
8,2.455,3.273
8,2.667,2.667
8,2.462,2.615
8,2.447,2.553
8,3.667,3.667
8,2.8,2.8
8,0.75,3.0
8,1.604,3.208
8,2.5,3.25
8,2.333,3.0
8,2.125,2.75
8,1.667,2.667
8,4.0,4.0
8,0.0,5.0
8,3.25,3.25
8,3.0,3.0
8,2.585,2.829
8,0.667,4.0
8,1.5,3.0
8,2.0,3.0
8,2.0,2.25
8,2.688,2.938
8,4.0,4.0
8,2.667,3.0
8,3.333,3.5
8,2.2,3.2
8,2.625,3.562
8,3.455,3.545
8,3.273,3.364
8,3.0,3.214
8,2.273,2.545
8,2.5,2.5
8,2.333,2.5
8,1.5,6.0
8,1.833,4.833
8,3.5,3.5
8,2.688,3.062
8,1.0,3.333
8,4.0,5.0
8,2.5,3.0
8,2.75,3.0
8,1.5,3.25
8,4.0,4.0
8,2.0,2.6
8,1.308,2.769
8,2.5,3.136
8,3.1,3.3
8,2.0,3.514
8,1.906,2.547
8,1.8,2.267
8,3.083,3.25
8,2.333,2.778
8,2.7,2.8
8,3.0,3.0
8,2.714,2.786
8,2.182,2.273
8,2.848,2.935
8,1.571,3.143
8,1.333,2.167
8,1.908,2.517
8,2.667,3.0
8,2.5,2.5
8,3.2,3.3
8,2.333,2.444
8,2.75,3.071
8,2.52,3.12
8,2.0,2.5
8,2.5,3.5
8,2.5,3.5
8,3.0,3.25
8,4.0,4.0
8,3.333,3.333
8,1.333,2.333
8,3.286,3.286
8,1.667,3.667
8,3.385,3.615
8,1.833,3.333
8,4.0,7.0
8,2.0,2.0
8,3.0,3.364
8,0.667,6.333
8,2.833,2.833
8,1.745,3.036
8,2.953,3.186
8,2.5,3.5
8,4.0,4.0
8,3.0,3.375
8,3.167,3.167
8,3.0,3.5
8,0.526,1.789
8,2.714,3.143
8,4.0,4.0
8,3.0,3.25
8,3.0,7.0
8,1.875,2.125
8,2.833,3.167
8,3.167,3.333
8,2.0,2.333
8,2.733,3.033
8,3.0,3.167
8,2.273,2.364
8,1.5,3.0
8,2.667,3.333
8,2.538,2.923
8,1.0,1.0
8,2.8,3.0
8,3.0,3.0
8,2.444,2.889
8,3.2,3.4
8,1.0,1.0
8,2.375,2.5
8,2.714,3.143
8,2.444,2.778
8,2.5,2.5
8,2.8,2.8
8,2.667,2.667
8,2.8,3.0
8,2.875,3.125
8,5.0,5.0
8,2.444,2.667
8,1.091,1.909
8,1.833,2.167
8,3.0,3.333
8,2.0,2.571
8,1.333,2.333
8,3.5,3.625
8,1.333,3.667
8,2.9,3.2
8,2.312,2.75
8,2.0,2.111
8,2.429,2.857
8,2.429,2.857
8,0.0,1.0
8,2.0,2.333
8,2.111,4.5
8,1.5,2.5
8,2.667,2.833
8,2.6,2.8
8,2.769,3.0
8,2.909,3.364
8,2.889,3.444
8,3.0,3.0
8,3.0,3.143
8,3.167,3.5
8,2.449,2.98
8,2.5,2.75
8,3.182,3.182
8,2.122,2.78
8,1.857,3.179
8,2.571,3.286
8,2.0,3.4
8,3.273,3.364
8,2.7,2.8
8,2.25,3.625
8,2.6,2.6
8,2.818,3.091
8,2.0,3.714
8,3.143,3.143
8,3.0,3.333
8,2.0,2.5
8,2.368,2.842
8,2.6,4.8
8,1.571,2.857
8,2.667,2.667
8,3.125,3.75
8,2.833,3.167
8,0.75,2.875
8,2.545,2.545
8,1.333,1.833
8,2.0,3.0
8,2.0,3.0
8,3.667,3.667
9,1.0,1.5
9,1.889,3.333
9,2.444,3.111
9,1.286,5.0
9,2.0,2.667
9,2.0,3.0
9,2.0,2.125
9,3.5,3.5
9,1.914,3.143
9,0.0,1.5
9,2.5,2.786
9,2.611,2.889
9,2.0,3.667
9,2.0,2.385
9,2.5,3.75
9,3.0,3.0
9,3.273,3.364
9,2.462,2.615
9,2.188,3.062
9,1.5,2.0
9,3.182,3.545
9,3.583,3.583
9,2.6,2.6
9,1.625,2.125
9,3.6,3.8
9,2.875,3.5
9,2.857,3.286
9,1.737,2.579
9,3.364,3.364
9,3.0,3.25
9,2.889,2.944
9,2.462,2.692
9,2.0,2.25
9,1.25,2.75
9,2.3,2.4
9,2.25,2.25
9,3.071,3.571
9,2.6,3.0
9,2.667,4.0
9,1.172,2.345
9,2.727,2.727
9,3.125,3.625
9,2.0,3.0
9,2.6,2.7
9,2.0,2.5
9,2.417,2.5
9,2.778,3.111
9,2.565,3.261
9,1.84,4.4
9,2.727,2.818
9,2.625,2.75
9,2.524,2.762
9,2.857,3.0
9,2.5,3.4
9,2.067,2.533
9,2.917,3.0
9,1.538,2.308
9,2.25,2.375
9,2.889,2.889
9,5.667,7.0
9,2.722,2.778
9,1.304,2.63
9,2.714,3.143
9,2.5,2.875
9,3.2,3.2
9,2.071,3.0
9,0.929,2.071
9,3.25,4.0
9,3.0,3.125
9,2.714,2.857
9,3.0,3.25
9,3.0,3.5
9,2.556,3.111
9,2.429,2.857
9,3.222,3.667
9,3.25,3.5
9,2.833,3.167
9,0.356,2.8
9,3.0,3.0
9,2.4,3.0
9,2.75,3.0
9,2.75,3.0
9,2.0,3.25
9,1.0,5.5
9,3.5,3.5
9,2.533,2.733
9,1.333,2.667
9,1.833,3.333
9,1.5,2.0
9,2.8,2.9
9,0.75,7.0
9,3.333,4.0
9,2.714,2.857
9,1.6,1.8
9,2.8,3.0
9,3.0,3.5
9,3.0,3.125
9,1.0,3.375
9,2.25,2.25
9,2.615,3.231
9,0.625,2.188
9,2.136,2.591
9,2.0,2.368
9,2.455,2.636
9,2.25,2.5
9,2.143,2.714
9,1.333,1.667
9,4.333,4.333
9,2.25,2.375
9,3.0,3.429
9,3.2,3.2
9,1.933,2.8
9,1.286,2.0
9,3.333,3.333
9,3.167,3.333
9,2.714,3.143
9,3.2,3.5
9,3.5,3.5
9,1.933,2.133
9,3.5,3.5
9,3.0,3.0
9,1.333,4.667
9,2.5,2.5
9,2.25,5.0
9,1.9,2.3
9,2.5,2.917
9,3.0,3.0
9,2.5,2.5
9,2.333,3.333
9,2.538,3.231
9,1.703,2.828
9,0.819,2.952
9,4.667,4.667
9,2.417,2.833
9,2.667,3.667
9,2.4,2.8
9,4.0,4.5
9,2.75,2.875
9,2.333,3.0
9,2.778,3.222
9,2.333,2.333
9,4.5,4.5
9,0.25,2.25
9,2.0,2.429
9,2.5,2.75
9,1.533,3.133
9,2.333,2.5
9,2.75,2.875
9,3.0,3.2
9,2.714,3.905
9,3.3,3.4
9,3.417,3.417
9,2.706,3.059
9,2.0,2.2
9,0.6,2.8
9,2.643,2.714
9,3.0,3.25
9,2.6,2.8
9,2.4,2.6
9,2.0,5.167
9,2.0,2.0
9,2.5,2.5
9,2.667,2.667
9,1.321,4.119
9,1.667,3.067
9,3.0,3.0
9,0.75,2.25
9,2.417,2.5
9,2.3,2.4
9,3.111,3.444
9,2.438,3.938
9,0.733,2.911
9,3.444,3.556
9,1.667,2.333
9,4.0,5.0
9,2.429,2.643
9,1.5,2.75
9,1.947,2.474
9,3.647,3.824
9,3.143,3.286
9,4.667,4.667
9,2.667,2.833
9,4.0,4.0
9,2.0,3.0
9,2.0,3.0
9,2.75,4.0
9,0.5,2.333
9,2.692,2.923
9,2.818,3.364
9,1.25,1.75
9,2.923,3.0
9,2.5,6.75
9,2.5,2.5
9,3.053,3.158
9,2.5,2.75
9,1.051,2.359
9,3.0,3.0
9,2.75,2.875
9,2.375,2.625
9,1.625,4.0
9,2.9,3.0
9,1.667,2.0
9,3.0,3.5
9,3.3,3.4
9,2.667,2.917
9,1.692,2.077
9,3.167,3.333
9,0.588,2.176
9,0.077,5.385
9,3.529,3.824
9,2.893,3.071
9,3.091,3.182
9,2.778,3.0
9,3.5,3.5
9,2.125,2.812
9,1.667,2.0
9,3.2,3.5
9,4.0,4.0
9,2.0,2.167
9,1.667,2.333
9,0.615,2.308
9,2.923,3.154
9,3.125,3.375
9,3.5,4.25
9,3.077,3.308
9,3.167,3.167
9,2.8,3.4
9,2.857,3.0
9,0.6,4.0
9,2.8,3.0
9,2.4,2.8
9,3.125,3.5
9,2.4,2.4
9,1.0,2.5
9,2.75,3.0
9,2.517,2.783
9,3.8,4.4
9,3.0,3.364
9,2.0,2.375
9,1.333,2.333
9,2.75,2.75
9,3.429,3.571
9,3.0,3.091
9,2.75,3.0
9,2.5,2.833
9,2.583,2.833
9,2.889,3.222
9,3.5,3.5
9,2.385,3.231
9,2.0,3.0
9,0.125,1.5
9,1.5,4.167
9,1.0,2.0
9,0.286,2.571
9,2.714,3.143
9,3.0,3.25
9,2.667,2.833
9,2.538,2.615
9,1.667,2.111
9,2.5,2.667
9,3.0,3.6
9,1.5,2.0
9,2.333,2.5
9,2.0,2.2
9,2.636,2.818
9,2.444,2.889
9,2.905,3.048
9,1.909,2.273
9,3.636,4.0
9,2.5,2.5
9,3.364,3.364
9,3.0,3.222
9,2.364,2.545
9,1.0,2.5
9,1.667,2.333
9,2.667,2.833
9,2.917,3.167
9,1.333,2.0
9,0.833,2.056
9,2.909,3.182
9,2.429,2.786
9,3.0,3.262
9,2.917,3.0
9,3.1,3.2
9,1.846,3.692
9,2.778,2.889
9,2.667,3.222
9,2.8,3.1
9,2.667,2.75
9,2.6,3.2
9,2.917,2.917
9,1.678,2.696
9,2.109,2.836
9,1.75,2.333
9,3.0,3.0
9,1.2,2.6
9,2.5,2.625
9,1.0,4.833
9,3.0,3.0
9,1.895,2.474
10,1.0,4.0
10,4.0,4.0
10,2.6,3.0
10,2.529,3.0
10,3.4,3.8
10,2.375,2.5
10,2.667,3.0
10,2.2,2.533
10,2.667,3.333
10,2.545,2.636
10,3.056,3.167
10,2.333,2.5
10,2.308,2.385
10,1.167,1.5
10,2.767,3.067
10,2.692,2.846
10,0.75,1.5
10,3.4,3.6
10,3.429,3.476
10,2.857,3.143
10,3.091,3.091
10,2.2,2.5
10,3.6,3.7
10,3.364,3.727
10,3.1,3.8
10,3.077,3.179
10,3.778,3.778
10,1.222,2.722
10,2.333,2.5
10,1.571,2.0
10,1.5,1.5
10,1.5,3.0
10,2.0,2.0
10,3.0,4.25
10,2.214,2.429
10,2.462,2.538
10,4.182,4.455
10,2.895,3.158
10,3.778,4.0
10,2.0,2.286
10,2.125,2.5
10,3.0,3.667
10,1.333,2.333
10,2.167,2.333
10,3.217,3.304
10,2.5,5.1
10,2.203,3.085
10,2.4,2.6
10,2.667,3.0
10,2.533,2.6
10,2.423,2.923
10,3.143,3.714
10,2.368,2.632
10,3.1,3.3
10,3.0,3.278
10,2.0,2.5
10,3.0,3.2
10,1.465,2.209
10,0.0,1.0
10,2.4,2.84
10,2.75,3.0
10,1.176,2.676
10,2.143,2.571
10,2.727,2.818
10,2.633,3.5
10,0.805,3.902
10,2.944,3.111
10,3.188,3.375
10,2.857,3.0
10,2.5,2.562
10,2.071,2.5
10,2.0,2.0
10,3.667,3.833
10,3.261,3.348
10,1.6,1.8
10,2.0,2.5
10,3.0,3.125
10,2.636,2.727
10,2.6,2.8
10,3.6,3.6
10,1.087,2.783
10,2.588,2.706
10,2.4,4.12
10,2.727,2.818
10,1.0,1.0
10,2.5,2.75
10,2.667,2.833
10,1.75,3.25
10,1.25,1.75
10,1.769,3.615
10,1.8,2.0
10,1.4,2.4
10,2.5,2.5
10,2.75,3.125
10,2.0,3.5
10,2.545,2.636
10,2.5,2.625
10,2.462,2.538
10,2.2,2.2
10,2.545,3.273
10,1.333,1.667
10,2.778,5.889
10,0.5,3.0
10,2.6,3.1
10,2.25,2.5
10,1.9,3.4
10,2.167,3.167
10,2.375,2.75
10,2.571,2.714
10,3.111,3.444
10,2.5,2.7
10,2.105,3.211
10,1.0,1.8
10,2.706,2.824
10,3.5,3.5
10,3.0,5.0
10,4.5,4.5
10,2.143,2.286
10,2.0,2.5
10,0.25,3.25
10,0.333,1.0
10,2.75,2.875
10,2.455,2.636
10,2.222,2.556
10,2.333,2.952
10,1.833,2.5
10,3.1,3.2
10,1.646,2.708
10,3.2,3.4
10,2.462,2.923
10,3.143,3.286
10,3.556,4.0
10,2.121,3.303
10,0.333,3.5
10,3.222,3.556
10,2.958,3.042
10,0.167,2.0
10,2.4,2.7
10,2.0,2.333
10,2.769,2.846
10,2.917,3.0
10,0.6,1.6
10,3.333,3.667
10,2.0,2.333
10,2.4,2.6
10,2.923,3.077
10,2.933,3.067
10,1.667,2.667
10,3.0,3.5
10,2.429,2.857
10,3.143,3.143
10,0.917,1.917
10,2.444,2.778
10,3.0,3.0
10,2.417,3.083
10,2.2,2.3
10,3.0,3.0
10,2.6,3.5
10,3.0,3.226
10,2.286,3.143
10,2.143,2.429
10,3.0,3.1
10,2.0,2.5
10,2.182,2.364
10,3.0,3.375
10,2.6,3.2
10,2.75,2.875
10,2.25,2.875
10,2.1,3.1
10,2.357,2.5
10,3.8,4.0
10,2.75,2.833
10,2.571,4.143
10,2.167,2.333
10,1.3,2.8
10,3.3,3.3
10,2.492,2.877
10,2.25,2.833
10,2.667,2.833
10,2.75,3.75
10,2.0,2.9
10,3.04,3.4
10,3.1,3.6
10,1.667,3.0
10,1.0,2.0
10,1.143,2.143
10,3.263,3.421
10,2.4,2.667
10,2.158,3.684
10,2.6,3.2
10,3.333,3.333
10,3.1,3.3
10,2.083,2.333
10,3.556,3.778
10,3.1,3.4
10,2.0,2.857
10,3.6,5.0
10,2.778,2.889
10,1.75,2.125
10,2.333,2.667
10,1.667,3.333
10,1.0,1.5
10,2.8,2.9
10,2.667,3.0
10,3.214,3.357
10,1.8,2.6
10,2.829,3.146
10,2.25,2.625
10,2.636,4.727
10,3.444,3.556
10,2.793,2.966
10,3.3,3.4
10,2.6,2.8
10,2.647,3.235
10,2.9,3.0
10,2.167,3.833
10,2.6,3.2
10,1.6,4.2
10,3.0,3.364
10,3.25,3.375
10,2.0,2.0
10,0.366,2.707
10,1.614,2.719
10,2.889,3.222
10,2.5,3.5
10,2.2,2.733
10,4.2,4.6
10,1.492,3.22
10,2.051,2.513
10,2.429,2.571
10,1.593,3.778
10,1.6,1.8
10,2.5,4.0
10,2.727,2.909
10,0.0,2.6
10,2.286,2.714
10,2.167,3.513
10,2.4,3.0
10,2.688,2.812
10,3.333,3.833
10,2.333,2.4
10,2.429,2.857
10,2.536,4.643
10,2.0,2.0
10,2.545,3.0
10,1.667,2.667
10,2.842,3.342
10,2.52,2.8
10,0.5,1.0
10,2.143,2.429
10,1.667,3.188
10,2.0,2.75
10,3.333,3.333
10,2.0,2.333
10,2.8,3.4
10,2.462,2.769
10,1.722,3.653
10,2.8,4.2
10,2.875,3.0
10,3.667,4.0
10,2.444,2.778
10,2.125,2.312
10,2.583,2.667
10,3.0,3.0
10,0.143,2.095
10,3.077,3.231
10,1.5,2.5
10,2.9,3.3
10,1.6,2.0
10,0.5,2.25
10,0.0,3.0
10,2.042,3.875
10,2.364,2.455
10,2.154,2.769
10,1.667,1.833
10,2.333,4.194
10,2.667,2.778
10,1.571,1.714
10,1.364,1.909
10,2.5,2.5
10,0.333,2.0
10,2.909,2.909
10,0.186,1.814
10,3.222,3.444
10,1.81,4.905
10,3.077,3.154
10,3.0,3.0
10,2.682,2.773
10,2.643,3.214
10,2.692,2.846
10,2.5,2.75
10,3.125,3.25
10,3.143,3.357
10,3.0,3.143
10,0.6,3.7
10,3.25,5.125
10,2.5,2.5
10,1.667,2.0
10,1.333,3.0
10,3.6,4.0
