candidate,cause,n,share_of_test,mean_abs_resid
formula:ari_np,clipped,1407,0.019,5.0
formula:ari_np,code-mixed,3469,0.0468,5.14
formula:ari_np,cross-grade-dupe,205,0.0028,5.1
formula:ari_np,long,240,0.0032,4.7
formula:ari_np,math-science,348,0.0047,4.96
formula:ari_np,numeric,4,0.0001,5.05
formula:ari_np,ocr-noise,261,0.0035,5.14
formula:ari_np,short,256,0.0035,5.03
formula:ari_np,unexplained,3268,0.0441,4.68
formula:conj_ease,clipped,698,0.0094,5.11
formula:conj_ease,code-mixed,2428,0.0328,4.99
formula:conj_ease,cross-grade-dupe,214,0.0029,5.09
formula:conj_ease,long,245,0.0033,4.71
formula:conj_ease,math-science,409,0.0055,5.11
formula:conj_ease,numeric,3,0.0,5.08
formula:conj_ease,ocr-noise,195,0.0026,5.09
formula:conj_ease,short,258,0.0035,5.04
formula:conj_ease,unexplained,4011,0.0541,4.76
formula:dale_np,clipped,202,0.0027,4.66
formula:dale_np,code-mixed,3094,0.0417,5.15
formula:dale_np,cross-grade-dupe,285,0.0038,5.38
formula:dale_np,long,247,0.0033,4.63
formula:dale_np,math-science,467,0.0063,5.08
formula:dale_np,numeric,9,0.0001,5.1
formula:dale_np,ocr-noise,320,0.0043,5.53
formula:dale_np,short,235,0.0032,5.2
formula:dale_np,unexplained,4210,0.0568,4.86
formula:flesch_np,clipped,3127,0.0422,4.71
formula:flesch_np,code-mixed,3107,0.0419,4.95
formula:flesch_np,cross-grade-dupe,214,0.0029,4.83
formula:flesch_np,long,255,0.0034,4.71
formula:flesch_np,math-science,293,0.004,5.17
formula:flesch_np,numeric,4,0.0001,5.02
formula:flesch_np,ocr-noise,225,0.003,4.98
formula:flesch_np,short,265,0.0036,5.0
formula:flesch_np,unexplained,2058,0.0278,4.85
formula:fog_np,clipped,3871,0.0522,4.73
formula:fog_np,code-mixed,3203,0.0432,4.97
formula:fog_np,cross-grade-dupe,232,0.0031,4.8
formula:fog_np,long,259,0.0035,4.71
formula:fog_np,math-science,233,0.0031,5.23
formula:fog_np,numeric,6,0.0001,4.74
formula:fog_np,ocr-noise,229,0.0031,5.02
formula:fog_np,short,236,0.0032,4.99
formula:fog_np,unexplained,1424,0.0192,4.94
formula:halant_ratio,clipped,5,0.0001,6.27
formula:halant_ratio,code-mixed,3255,0.0439,4.85
formula:halant_ratio,cross-grade-dupe,235,0.0032,5.15
formula:halant_ratio,long,258,0.0035,4.74
formula:halant_ratio,math-science,654,0.0088,4.96
formula:halant_ratio,numeric,5,0.0001,4.89
formula:halant_ratio,ocr-noise,249,0.0034,5.15
formula:halant_ratio,short,272,0.0037,5.11
formula:halant_ratio,unexplained,5021,0.0677,4.79
formula:hunspell_cov,clipped,55,0.0007,5.08
formula:hunspell_cov,code-mixed,2915,0.0393,5.0
formula:hunspell_cov,cross-grade-dupe,340,0.0046,5.25
formula:hunspell_cov,long,245,0.0033,4.77
formula:hunspell_cov,math-science,464,0.0063,5.08
formula:hunspell_cov,numeric,9,0.0001,5.13
formula:hunspell_cov,ocr-noise,459,0.0062,5.13
formula:hunspell_cov,short,235,0.0032,5.24
formula:hunspell_cov,unexplained,4353,0.0587,4.87
formula:matra_ease,clipped,488,0.0066,4.95
formula:matra_ease,code-mixed,3315,0.0447,4.86
formula:matra_ease,cross-grade-dupe,322,0.0043,4.92
formula:matra_ease,long,259,0.0035,4.74
formula:matra_ease,math-science,600,0.0081,4.95
formula:matra_ease,numeric,9,0.0001,4.59
formula:matra_ease,ocr-noise,321,0.0043,4.94
formula:matra_ease,short,284,0.0038,5.07
formula:matra_ease,unexplained,4674,0.0631,4.77
formula:nci,code-mixed,3668,0.0495,5.18
formula:nci,cross-grade-dupe,207,0.0028,4.81
formula:nci,long,243,0.0033,4.88
formula:nci,math-science,690,0.0093,4.92
formula:nci,numeric,5,0.0001,4.8
formula:nci,ocr-noise,246,0.0033,5.11
formula:nci,short,228,0.0031,4.88
formula:nci,unexplained,4401,0.0594,4.75
formula:nrs,clipped,1967,0.0265,4.64
formula:nrs,code-mixed,3007,0.0406,5.01
formula:nrs,cross-grade-dupe,211,0.0028,4.8
formula:nrs,long,256,0.0035,4.67
formula:nrs,math-science,388,0.0052,5.1
formula:nrs,numeric,4,0.0001,4.95
formula:nrs,ocr-noise,228,0.0031,4.96
formula:nrs,short,263,0.0035,4.92
formula:nrs,unexplained,2892,0.039,4.81
model:gradboost_baseline,code-mixed,4022,0.0543,5.49
model:gradboost_baseline,cross-grade-dupe,243,0.0033,4.96
model:gradboost_baseline,long,342,0.0046,5.31
model:gradboost_baseline,math-science,956,0.0129,4.92
model:gradboost_baseline,numeric,3,0.0,5.74
model:gradboost_baseline,ocr-noise,398,0.0054,5.43
model:gradboost_baseline,short,178,0.0024,5.01
model:gradboost_baseline,unexplained,3912,0.0528,4.88
model:lasso_baseline,code-mixed,4883,0.0659,5.95
model:lasso_baseline,cross-grade-dupe,314,0.0042,5.46
model:lasso_baseline,long,422,0.0057,5.6
model:lasso_baseline,math-science,583,0.0079,4.96
model:lasso_baseline,numeric,8,0.0001,5.15
model:lasso_baseline,ocr-noise,448,0.006,5.69
model:lasso_baseline,short,226,0.003,4.99
model:lasso_baseline,unexplained,4111,0.0555,4.77
model:ridge_baseline,code-mixed,4148,0.056,5.63
model:ridge_baseline,cross-grade-dupe,377,0.0051,5.41
model:ridge_baseline,long,422,0.0057,5.62
model:ridge_baseline,math-science,562,0.0076,4.86
model:ridge_baseline,numeric,7,0.0001,4.99
model:ridge_baseline,ocr-noise,469,0.0063,5.19
model:ridge_baseline,short,225,0.003,4.95
model:ridge_baseline,unexplained,3932,0.053,4.81
