subject,n,nci_mae
nepali,255,4.6416
My_Math,2721,4.24
My_Surroundings,1232,4.2246
My_Nepali,5282,4.1803
Social_Studies_and_Human_Values,1723,2.4934
history,2738,2.2746
Sociology,1690,2.2505
Social_Studies,2550,2.1614
"health,physicalgrade",3297,2.1021
economics,61,2.0799
Civic_Science,1957,2.0645
health,396,2.056
computer_science,1236,1.9494
Health_Physical_and_Creative_Arts,3423,1.9472
Science_and_Technology,5316,1.9298
environmental_science,1835,1.9122
Optional_Maths,1872,1.5415
Nepali,11410,1.4371
Math,8974,1.4204
"health,physicalandcreativeart",4635,1.1248
Economics,2193,1.1077
Health_Physcial_and_Creative_Arts,2416,0.6763
Enterprenuership_and_Technology,2386,0.523
