method_a,method_b,pearson,ci_lo,ci_hi
flesch_np,fog_np,0.828,0.8261,0.8299
flesch_np,ari_np,0.5183,0.5168,0.5198
flesch_np,dale_np,-0.039,-0.0427,-0.0347
flesch_np,nrs,0.8943,0.8933,0.8952
flesch_np,nci,0.5699,0.5676,0.5723
flesch_np,halant_ratio,-0.0798,-0.087,-0.0727
flesch_np,hunspell_cov,-0.1007,-0.1047,-0.0963
flesch_np,matra_ease,0.2105,0.2045,0.2164
flesch_np,conj_ease,0.3211,0.3178,0.3241
fog_np,ari_np,0.4186,0.4167,0.4205
fog_np,dale_np,0.0659,0.0608,0.0711
fog_np,nrs,0.7277,0.725,0.7303
fog_np,nci,0.5063,0.5034,0.509
fog_np,halant_ratio,-0.0448,-0.0521,-0.0381
fog_np,hunspell_cov,-0.0152,-0.0201,-0.01
fog_np,matra_ease,0.1754,0.1689,0.1816
fog_np,conj_ease,0.2196,0.2152,0.2239
ari_np,dale_np,0.1418,0.1383,0.1454
ari_np,nrs,0.691,0.6899,0.6919
ari_np,nci,0.8554,0.8544,0.8564
ari_np,halant_ratio,-0.0615,-0.0653,-0.0578
ari_np,hunspell_cov,0.0514,0.0477,0.0551
ari_np,matra_ease,0.1035,0.0999,0.107
ari_np,conj_ease,0.493,0.4899,0.4963
dale_np,nrs,0.0094,0.0056,0.0136
dale_np,nci,0.1669,0.1633,0.1705
dale_np,halant_ratio,0.0701,0.0658,0.0745
dale_np,hunspell_cov,0.9438,0.9434,0.9441
dale_np,matra_ease,-0.1283,-0.1322,-0.1241
dale_np,conj_ease,-0.0146,-0.019,-0.0102
nrs,nci,0.7512,0.7498,0.7526
nrs,halant_ratio,-0.0309,-0.037,-0.0248
nrs,hunspell_cov,-0.0614,-0.0653,-0.0571
nrs,matra_ease,0.2048,0.1991,0.2101
nrs,conj_ease,0.5243,0.5219,0.5265
nci,halant_ratio,0.0622,0.0573,0.0667
nci,hunspell_cov,0.0411,0.0373,0.0451
nci,matra_ease,0.1002,0.0958,0.1046
nci,conj_ease,0.6811,0.6791,0.6831
halant_ratio,hunspell_cov,0.0789,0.0744,0.0834
halant_ratio,matra_ease,-0.2491,-0.2567,-0.2419
halant_ratio,conj_ease,0.1263,0.1219,0.1313
hunspell_cov,matra_ease,-0.1692,-0.1734,-0.1649
hunspell_cov,conj_ease,-0.0267,-0.031,-0.0221
matra_ease,conj_ease,0.0327,0.0283,0.0371
