method,grade_a,grade_b,cliffs_delta
flesch_np,1,2,0.0703
flesch_np,2,3,-0.1177
flesch_np,3,4,-0.1458
flesch_np,4,5,-0.0067
flesch_np,5,6,-0.0209
flesch_np,6,7,0.0034
flesch_np,7,8,-0.03
flesch_np,8,9,-0.0139
flesch_np,9,10,-0.0422
flesch_np,10,11,0.1136
flesch_np,11,12,-0.1145
fog_np,1,2,0.0392
fog_np,2,3,-0.0947
fog_np,3,4,-0.1234
fog_np,4,5,-0.0089
fog_np,5,6,-0.0137
fog_np,6,7,-0.0051
fog_np,7,8,-0.0295
fog_np,8,9,-0.0105
fog_np,9,10,-0.0302
fog_np,10,11,0.0425
fog_np,11,12,-0.0414
ari_np,1,2,0.1077
ari_np,2,3,-0.1133
ari_np,3,4,-0.1544
ari_np,4,5,0.0201
ari_np,5,6,-0.0765
ari_np,6,7,0.0038
ari_np,7,8,-0.0515
ari_np,8,9,-0.0476
ari_np,9,10,-0.064
ari_np,10,11,-0.0928
ari_np,11,12,0.0409
dale_np,1,2,-0.1042
dale_np,2,3,0.0222
dale_np,3,4,-0.0826
dale_np,4,5,0.011
dale_np,5,6,-0.1248
dale_np,6,7,-0.0334
dale_np,7,8,-0.0395
dale_np,8,9,-0.0489
dale_np,9,10,-0.035
dale_np,10,11,-0.0133
dale_np,11,12,0.1622
nrs,1,2,0.1124
nrs,2,3,-0.129
nrs,3,4,-0.1927
nrs,4,5,-0.0026
nrs,5,6,-0.054
nrs,6,7,-0.0051
nrs,7,8,-0.0413
nrs,8,9,-0.0294
nrs,9,10,-0.0498
nrs,10,11,0.1078
nrs,11,12,-0.0838
nci,1,2,0.1223
nci,2,3,-0.1184
nci,3,4,-0.2115
nci,4,5,0.0209
nci,5,6,-0.0904
nci,6,7,-0.0288
nci,7,8,-0.0702
nci,8,9,-0.0375
nci,9,10,-0.0711
nci,10,11,-0.1159
nci,11,12,0.0826
halant_ratio,1,2,-0.048
halant_ratio,2,3,-0.0178
halant_ratio,3,4,-0.1084
halant_ratio,4,5,0.0244
halant_ratio,5,6,-0.0758
halant_ratio,6,7,-0.0113
halant_ratio,7,8,-0.0356
halant_ratio,8,9,0.0316
halant_ratio,9,10,-0.0225
halant_ratio,10,11,0.1571
halant_ratio,11,12,0.0898
hunspell_cov,1,2,-0.1156
hunspell_cov,2,3,0.0271
hunspell_cov,3,4,-0.0812
hunspell_cov,4,5,-0.0001
hunspell_cov,5,6,-0.1142
hunspell_cov,6,7,-0.0337
hunspell_cov,7,8,-0.0319
hunspell_cov,8,9,-0.0504
hunspell_cov,9,10,-0.0231
hunspell_cov,10,11,0.1181
hunspell_cov,11,12,0.0767
matra_ease,1,2,0.0318
matra_ease,2,3,0.0299
matra_ease,3,4,-0.0115
matra_ease,4,5,-0.0227
matra_ease,5,6,0.0523
matra_ease,6,7,-0.0203
matra_ease,7,8,0.0512
matra_ease,8,9,-0.0163
matra_ease,9,10,-0.0359
matra_ease,10,11,0.0635
matra_ease,11,12,-0.0887
conj_ease,1,2,0.051
conj_ease,2,3,-0.0628
conj_ease,3,4,-0.1902
conj_ease,4,5,-0.0087
conj_ease,5,6,-0.0665
conj_ease,6,7,-0.0132
conj_ease,7,8,-0.0258
conj_ease,8,9,-0.0183
conj_ease,9,10,-0.039
conj_ease,10,11,0.1545
conj_ease,11,12,-0.0694
