method,grade,n,mean,ci_lo,ci_hi
flesch_np,1,5715,20.57,19.83,21.29
flesch_np,2,9466,24.7,24.06,25.31
flesch_np,3,14707,18.56,18.13,18.97
flesch_np,4,22951,12.04,11.76,12.33
flesch_np,5,23414,11.74,11.47,12.0
flesch_np,6,31250,11.67,11.42,11.92
flesch_np,7,34245,11.75,11.53,11.99
flesch_np,8,37940,10.62,10.41,10.85
flesch_np,9,43398,10.18,9.96,10.39
flesch_np,10,60500,8.3,8.15,8.45
flesch_np,11,1574,11.07,10.02,12.06
flesch_np,12,2955,7.18,6.58,7.81
fog_np,1,5715,19.59,18.79,20.5
fog_np,2,9466,21.51,20.87,22.15
fog_np,3,14707,16.47,16.02,16.88
fog_np,4,22951,10.2,9.88,10.51
fog_np,5,23414,9.9,9.63,10.18
fog_np,6,31250,9.66,9.41,9.93
fog_np,7,34245,9.22,8.99,9.46
fog_np,8,37940,7.92,7.72,8.12
fog_np,9,43398,7.45,7.27,7.64
fog_np,10,60500,6.31,6.17,6.45
fog_np,11,1574,6.57,5.68,7.4
fog_np,12,2955,5.92,5.35,6.52
ari_np,1,5715,74.63,73.82,75.46
ari_np,2,9466,80.15,79.56,80.73
ari_np,3,14707,75.1,74.6,75.59
ari_np,4,22951,68.69,68.32,69.09
ari_np,5,23414,70.17,69.8,70.53
ari_np,6,31250,65.55,65.18,65.89
ari_np,7,34245,65.74,65.41,66.08
ari_np,8,37940,62.93,62.63,63.25
ari_np,9,43398,60.07,59.74,60.39
ari_np,10,60500,56.27,56.02,56.53
ari_np,11,1574,49.78,47.67,51.67
ari_np,12,2955,52.96,51.84,54.11
dale_np,1,5715,36.42,35.68,37.12
dale_np,2,9466,31.34,30.84,31.86
dale_np,3,14707,32.09,31.72,32.51
dale_np,4,22951,28.4,28.12,28.66
dale_np,5,23414,28.72,28.44,28.98
dale_np,6,31250,24.41,24.18,24.66
dale_np,7,34245,23.23,23.02,23.45
dale_np,8,37940,21.67,21.46,21.86
dale_np,9,43398,20.2,20.02,20.37
dale_np,10,60500,18.82,18.68,18.96
dale_np,11,1574,17.33,16.63,18.01
dale_np,12,2955,21.4,20.88,21.98
nrs,1,5715,33.61,32.75,34.49
nrs,2,9466,39.91,39.2,40.57
nrs,3,14707,32.42,31.88,32.92
nrs,4,22951,22.15,21.78,22.51
nrs,5,23414,21.94,21.6,22.29
nrs,6,31250,20.3,20.0,20.61
nrs,7,34245,20.08,19.79,20.37
nrs,8,37940,18.25,17.98,18.54
nrs,9,43398,17.11,16.85,17.38
nrs,10,60500,14.64,14.45,14.84
nrs,11,1574,19.03,17.61,20.34
nrs,12,2955,14.35,13.5,15.21
nci,1,5715,65.71,65.38,66.03
nci,2,9466,68.42,68.19,68.65
nci,3,14707,66.18,65.99,66.37
nci,4,22951,62.14,61.98,62.29
nci,5,23414,62.65,62.51,62.79
nci,6,31250,60.8,60.66,60.93
nci,7,34245,60.19,60.06,60.31
nci,8,37940,58.8,58.69,58.93
nci,9,43398,57.98,57.86,58.11
nci,10,60500,56.24,56.14,56.35
nci,11,1574,53.3,52.51,54.03
nci,12,2955,55.32,54.85,55.78
halant_ratio,1,5715,40.27,39.97,40.53
halant_ratio,2,9466,39.32,39.11,39.53
halant_ratio,3,14707,39.27,39.12,39.43
halant_ratio,4,22951,38.49,38.39,38.6
halant_ratio,5,23414,38.67,38.56,38.77
halant_ratio,6,31250,37.62,37.52,37.72
halant_ratio,7,34245,37.62,37.53,37.71
halant_ratio,8,37940,37.09,37.0,37.19
halant_ratio,9,43398,37.48,37.39,37.57
halant_ratio,10,60500,37.53,37.47,37.59
halant_ratio,11,1574,39.33,39.0,39.66
halant_ratio,12,2955,40.17,39.98,40.35
hunspell_cov,1,5715,55.21,54.51,55.85
hunspell_cov,2,9466,50.2,49.67,50.69
hunspell_cov,3,14707,51.25,50.86,51.67
hunspell_cov,4,22951,48.11,47.8,48.41
hunspell_cov,5,23414,48.16,47.87,48.45
hunspell_cov,6,31250,43.88,43.62,44.14
hunspell_cov,7,34245,42.59,42.36,42.84
hunspell_cov,8,37940,41.4,41.16,41.61
hunspell_cov,9,43398,39.59,39.38,39.79
hunspell_cov,10,60500,38.87,38.71,39.03
hunspell_cov,11,1574,42.25,41.55,43.01
hunspell_cov,12,2955,44.42,43.87,44.99
matra_ease,1,5715,28.42,27.72,29.09
matra_ease,2,9466,29.68,29.11,30.21
matra_ease,3,14707,30.2,29.78,30.6
matra_ease,4,22951,28.81,28.53,29.08
matra_ease,5,23414,28.1,27.81,28.38
matra_ease,6,31250,29.98,29.73,30.24
matra_ease,7,34245,29.27,29.04,29.51
matra_ease,8,37940,31.03,30.79,31.25
matra_ease,9,43398,30.43,30.21,30.66
matra_ease,10,60500,28.59,28.44,28.76
matra_ease,11,1574,29.17,28.42,30.01
matra_ease,12,2955,26.71,26.23,27.2
conj_ease,1,5715,75.77,75.09,76.41
conj_ease,2,9466,79.04,78.61,79.49
conj_ease,3,14707,76.86,76.47,77.24
conj_ease,4,22951,69.83,69.52,70.12
conj_ease,5,23414,69.3,68.98,69.62
conj_ease,6,31250,66.42,66.13,66.7
conj_ease,7,34245,65.91,65.66,66.17
conj_ease,8,37940,65.07,64.82,65.33
conj_ease,9,43398,64.21,63.96,64.45
conj_ease,10,60500,62.76,62.57,62.96
conj_ease,11,1574,69.56,68.7,70.46
conj_ease,12,2955,67.39,66.69,68.05
