a,b,mae_diff,ci_lo,ci_hi,sig_bootstrap,p_wilcoxon,sig_holm
formula:flesch_np,formula:fog_np,-0.000881,-0.001828,0.000141,False,1.0812407617220006e-47,True
formula:flesch_np,formula:ari_np,0.055329,0.051932,0.058849,True,3.38924625787017e-251,True
formula:flesch_np,formula:dale_np,0.034388,0.030672,0.038161,True,1.2807739737881592e-95,True
formula:flesch_np,formula:nrs,0.022206,0.020921,0.023447,True,1.0089589128175743e-250,True
formula:flesch_np,formula:nci,0.083913,0.079523,0.088761,True,3.1024721494266422e-264,True
formula:flesch_np,formula:halant_ratio,-0.010976,-0.012802,-0.008994,True,4.1732780526810085e-14,True
formula:flesch_np,formula:hunspell_cov,0.020388,0.016928,0.02411,True,1.6754420096599693e-47,True
formula:flesch_np,formula:matra_ease,-0.01854,-0.020234,-0.016689,True,9.213399120049913e-62,True
formula:flesch_np,formula:conj_ease,0.012232,0.010115,0.01425,True,2.083435031423952e-45,True
formula:flesch_np,model:ridge_baseline,0.047077,0.037744,0.056196,True,0.0,True
formula:flesch_np,model:lasso_baseline,-0.026332,-0.035636,-0.017989,True,2.123146621485204e-146,True
formula:flesch_np,model:gradboost_baseline,0.116661,0.107751,0.12581,True,5.786587007934896e-155,True
formula:fog_np,formula:ari_np,0.056209,0.052685,0.059739,True,7.773687597102705e-229,True
formula:fog_np,formula:dale_np,0.035269,0.031504,0.039038,True,3.281720657873832e-127,True
formula:fog_np,formula:nrs,0.023086,0.021396,0.024737,True,3.168319746145094e-202,True
formula:fog_np,formula:nci,0.084794,0.080362,0.089439,True,5.087717866834391e-267,True
formula:fog_np,formula:halant_ratio,-0.010096,-0.012109,-0.008034,True,0.14639680977796057,False
formula:fog_np,formula:hunspell_cov,0.021269,0.017609,0.025224,True,7.652450458366875e-73,True
formula:fog_np,formula:matra_ease,-0.017659,-0.019617,-0.015839,True,2.3379492276685163e-24,True
formula:fog_np,formula:conj_ease,0.013113,0.010528,0.015413,True,1.176281241533791e-58,True
formula:fog_np,model:ridge_baseline,0.047958,0.038438,0.057053,True,0.0,True
formula:fog_np,model:lasso_baseline,-0.025451,-0.034966,-0.017538,True,4.755328448285316e-165,True
formula:fog_np,model:gradboost_baseline,0.117541,0.108601,0.12642,True,4.982539617946449e-159,True
formula:ari_np,formula:dale_np,-0.020941,-0.025028,-0.016397,True,1.1856982103061177e-39,True
formula:ari_np,formula:nrs,-0.033123,-0.035913,-0.030188,True,9.045890069596335e-137,True
formula:ari_np,formula:nci,0.028584,0.026193,0.030974,True,9.938832781185093e-102,True
formula:ari_np,formula:halant_ratio,-0.066305,-0.070459,-0.062087,True,6.717716584837936e-244,True
formula:ari_np,formula:hunspell_cov,-0.034941,-0.039435,-0.030007,True,6.9388513339181855e-68,True
formula:ari_np,formula:matra_ease,-0.073869,-0.078057,-0.069801,True,2.061216022052096e-303,True
formula:ari_np,formula:conj_ease,-0.043097,-0.047559,-0.039014,True,5.721466387706168e-161,True
formula:ari_np,model:ridge_baseline,-0.008252,-0.016485,-0.000584,True,1.8569550512963177e-143,True
formula:ari_np,model:lasso_baseline,-0.081661,-0.089302,-0.074609,True,2.575739486512824e-20,True
formula:ari_np,model:gradboost_baseline,0.061332,0.05438,0.068679,True,4.7755344250884574e-54,True
formula:dale_np,formula:nrs,-0.012182,-0.016031,-0.008126,True,4.193710056923372e-15,True
formula:dale_np,formula:nci,0.049525,0.044315,0.054885,True,2.9853436459632075e-74,True
formula:dale_np,formula:halant_ratio,-0.045364,-0.048483,-0.041823,True,9.79489914957104e-150,True
formula:dale_np,formula:hunspell_cov,-0.014,-0.015348,-0.01258,True,1.3053041105440194e-185,True
formula:dale_np,formula:matra_ease,-0.052928,-0.056087,-0.049756,True,1.3643648841117473e-206,True
formula:dale_np,formula:conj_ease,-0.022156,-0.026094,-0.017895,True,1.3582434413572952e-20,True
formula:dale_np,model:ridge_baseline,0.012689,0.005131,0.020788,True,2.963774622232208e-233,True
formula:dale_np,model:lasso_baseline,-0.06072,-0.068734,-0.052473,True,5.329910491332739e-87,True
formula:dale_np,model:gradboost_baseline,0.082273,0.07397,0.09043,True,5.361748196918882e-95,True
formula:nrs,formula:nci,0.061708,0.057793,0.065714,True,7.620966472346643e-189,True
formula:nrs,formula:halant_ratio,-0.033182,-0.035775,-0.030345,True,1.791156308104337e-109,True
formula:nrs,formula:hunspell_cov,-0.001817,-0.005649,0.002139,False,0.4944077225539194,False
formula:nrs,formula:matra_ease,-0.040745,-0.043255,-0.038077,True,1.2713892787699263e-182,True
formula:nrs,formula:conj_ease,-0.009974,-0.012355,-0.007607,True,4.073677324765918e-14,True
formula:nrs,model:ridge_baseline,0.024871,0.01566,0.033665,True,2.005739074871205e-242,True
formula:nrs,model:lasso_baseline,-0.048537,-0.057036,-0.040396,True,6.087329383134415e-84,True
formula:nrs,model:gradboost_baseline,0.094455,0.0858,0.103057,True,1.521205694622891e-114,True
formula:nci,formula:halant_ratio,-0.09489,-0.100036,-0.089836,True,4.554551001099409e-248,True
formula:nci,formula:hunspell_cov,-0.063525,-0.06924,-0.0577,True,1.1706411343162833e-95,True
formula:nci,formula:matra_ease,-0.102453,-0.107882,-0.09708,True,5.353826795351856e-281,True
formula:nci,formula:conj_ease,-0.071681,-0.07689,-0.066785,True,2.974093579683537e-210,True
formula:nci,model:ridge_baseline,-0.036836,-0.044408,-0.02964,True,1.2765308161913363e-64,True
formula:nci,model:lasso_baseline,-0.110245,-0.117179,-0.103831,True,0.8248551523842181,False
formula:nci,model:gradboost_baseline,0.032748,0.026547,0.038778,True,1.0579136771475417e-16,True
formula:halant_ratio,formula:hunspell_cov,0.031365,0.028552,0.034276,True,4.300564406896836e-136,True
formula:halant_ratio,formula:matra_ease,-0.007563,-0.008272,-0.006926,True,8.318529848775879e-163,True
formula:halant_ratio,formula:conj_ease,0.023208,0.021345,0.025258,True,8.315287276811303e-209,True
formula:halant_ratio,model:ridge_baseline,0.058053,0.048322,0.067054,True,0.0,True
formula:halant_ratio,model:lasso_baseline,-0.015355,-0.024934,-0.006851,True,3.983030750734485e-167,True
formula:halant_ratio,model:gradboost_baseline,0.127637,0.117952,0.137367,True,8.674010223630828e-169,True
formula:hunspell_cov,formula:matra_ease,-0.038928,-0.041768,-0.036128,True,7.730176136843581e-193,True
formula:hunspell_cov,formula:conj_ease,-0.008156,-0.011669,-0.00443,True,0.09771174387532676,False
formula:hunspell_cov,model:ridge_baseline,0.026689,0.018033,0.035665,True,3.528827990838343e-269,True
formula:hunspell_cov,model:lasso_baseline,-0.04672,-0.055754,-0.038067,True,2.7329681139452673e-132,True
formula:hunspell_cov,model:gradboost_baseline,0.096273,0.08732,0.105029,True,5.708223067964955e-116,True
formula:matra_ease,formula:conj_ease,0.030772,0.028799,0.032663,True,1.7042862039773057e-276,True
formula:matra_ease,model:ridge_baseline,0.065617,0.055911,0.074588,True,0.0,True
formula:matra_ease,model:lasso_baseline,-0.007792,-0.017423,0.000458,False,5.390020117746804e-197,True
formula:matra_ease,model:gradboost_baseline,0.135201,0.125752,0.144933,True,2.5353486299634626e-187,True
formula:conj_ease,model:ridge_baseline,0.034845,0.025624,0.043321,True,7.788333528779145e-251,True
formula:conj_ease,model:lasso_baseline,-0.038564,-0.048463,-0.029851,True,8.169234631014247e-105,True
formula:conj_ease,model:gradboost_baseline,0.104429,0.094956,0.114138,True,1.5651286116193468e-128,True
model:ridge_baseline,model:lasso_baseline,-0.073409,-0.077272,-0.069387,True,3.8143710326055555e-276,True
model:ridge_baseline,model:gradboost_baseline,0.069584,0.062698,0.076572,True,1.032667496688276e-21,True
model:lasso_baseline,model:gradboost_baseline,0.142993,0.135921,0.150593,True,8.248684155849171e-148,True
