source,grade,n,mean_bl_cov,mean_conj_w
A,1,2146,0.4016,0.1427
A,2,1874,0.4381,0.172
A,3,3749,0.4601,0.1963
A,4,5880,0.4425,0.2581
A,5,3896,0.4188,0.2458
A,6,5745,0.4167,0.2825
A,7,7870,0.4014,0.2883
A,8,11928,0.3833,0.2922
A,9,12003,0.3182,0.2657
A,10,23833,0.345,0.3383
B,1,3569,0.6361,0.3158
B,2,7592,0.5123,0.2142
B,3,10958,0.4865,0.2118
B,4,17071,0.4885,0.2993
B,5,19518,0.4922,0.3037
B,6,25505,0.4424,0.3326
B,7,26375,0.4248,0.3385
B,8,26012,0.4101,0.3468
B,9,31395,0.3934,0.3555
B,10,36667,0.3922,0.3574
