feature,importance
bl_cov,-1.0
conjuncts,0.483
n_poly3,0.376
independent_vowels,0.278
dict_cov,0.267
ratio_vc_raw,-0.255
cons_merged,0.105
visarga,-0.072
anusvara,0.066
word_count,-0.0
sentence_length_words,-0.0
syllables,0.0
syllables_per_word,0.0
matras,0.0
matras_long,0.0
matras_short,0.0
viramas,0.0
cons_raw,0.0
cons_surface,0.0
vowels_total,0.0
ratio_vc_surface,-0.0
dev_ratio,0.0
char_count,0.0
bl_oob_n,0.0
morph_n_surface,-0.0
morph_n_stems,-0.0
morph_n_stemsuf,0.0
morph_stems_oob_n,-0.0
n_nospace,0.0
